name,mbid
Podington Bear,2c15f704-d0f3-4175-80c4-97f395ad7d9a
Kosta T,15891
Ergo Phizmiz,8a0194ad-6b24-448b-a069-5e7baf2eb1dd
Blue Dot Sessions,57d8f0d0-146c-442b-91db-bed873223d1a
Lee Rosevere,fff239d3-b78a-4c2c-9e05-d8b08857149b
Jahzzar,0536f3c2-5484-47c4-b05c-bd30692f4e48
James Kibbie,437c5876-f406-45be-a3cc-e76d244ee497
Mr. & Mrs. Smith,6647a26b-bd94-4bc7-8769-7b1e7207a824
Ars Sonor,87fdd785-3c3e-439f-973f-8c6d4d5f5421
Zreen Toyz,ec0abf48-cfc5-46ce-8365-295444ce7c5b
Jared C. Balogh,4257066d-6f3e-4226-9143-5b8a9ae17b84
Steve Combs,ee04b05d-7190-4723-ba3d-368038478306
Derek Clegg,9243d9f4-c18e-4422-bd3f-98ca6295f9b9
Lezet,435440ed-3592-46ed-b31f-ec9939890462
Josh Woodward,b09c8a50-7bfa-434f-a2cf-f9bf9f6f91a5
OsO El roTo,4352
The Agrarians,44d34e0d-3679-40c8-b141-2f39321eb2e2
The Fucked Up Beat,241a05f8-8576-41fd-ac0a-442ddec2c20b
The Impossebulls,b034e706-419a-42a5-87fc-fa843ac31be2
Tha Silent Partner,d047a1fe-3f8b-45ff-92f5-855ff37c9658
The Polish Ambassador,e9787dd2-5857-4b51-8e59-a190a54820fc
Monplaisir,22472
Ketsa,6443
Salakapakka Sound System,becb76ae-627c-40a4-8cda-d339d21ad6d8
Glass Boy,0afadbf0-507e-43fe-8bfc-4c0afaec35cb
Anitek,a1630b32-a887-46fb-9c4c-6aae56d492a4
Cheese N Pot-C,6bf7f09a-829e-439c-9505-3a5bcd48c61f
jonas the plugexpert,5965
Lobo Loco,37dd2973-d750-48aa-9557-64652fcf7d32
David Szesztay,21616
Nonima,ac20cd1c-6c0f-4b7f-993c-11d0de3aa4aa
Jaan Patterson,802b2906-81b7-4940-8f7e-e99164d12634
Big Blood,63c5e98c-0b24-4939-ad8c-f6ed235b7980
Phemale,960ebb62-9209-462e-a763-d70c2cb7e073
U Can Unlearn Guitar,e1e670dd-9589-4699-a721-469cee925c14
Kevin MacLeod,8292bf44-2dd1-4bad-8019-276ec38f28e7
simon_mathewson,e4c8f501-3c76-4c81-a5c0-e50686d7c298
Kai Engel,aa55b20b-36d8-4093-84f3-c5c7942ff2c8
Mittimus,1640
Cullah,369b127b-ca39-4618-88f6-132f1bc8a27f
Richard Jonas,5ef5b8ec-98df-496f-b8d1-f91491a32513
Squire Tuck,19472
Scott Holmes,43ad772e-7a01-4b7f-83c7-64a3dfcc3084
Keshco,92228b8c-b851-4a15-b324-cced2f0fb482
johnny_ripper,cc6137ce-4ed9-4711-b775-b97c2e53db41
The Conet Project,433c0996-077c-4a28-9261-57858eb31832
Schemawound,04c0cd87-8f91-436e-99b4-5520a53bfe5e
Trans Atlantic Rage,6568f169-e0d9-42ff-bb52-cb2c7dfc0bf9
Elvis Herod,4c60914a-628f-4483-90fb-a1945863a73f
Oblivian Substanshall,a94ea428-91a3-40c8-a38e-e05b338937d6
Bauchamp,ee23f53c-45cb-4528-80fd-34d1b61b52eb
RÉGIS VICTOR,8aafd7b5-76df-42cf-bfcf-7e55ee4cf315
Circus Marcus,97d54a87-7c0f-4306-9cb0-f3b5fb86b7d7
THF Drenching,5118
Disco Missile,08c34398-d79e-40b8-928f-66f8a518762e
Monk Turner,817ec3ad-7ba2-451f-928b-cb15131cf5b0
Telegraphy,7a85c083-820b-4545-bf3a-5d42a08fc68a
Learning Music,ff901e96-122d-4623-90f8-926cf8bae13c
CM aka Creative,6fcdc0f1-ddd6-4adc-95be-adcd55a4166f
Section 27 Netlabel,8563
ODOR BABY,64c2e7b7-9447-4c80-9ac5-871e625d4ada
Benjamin Bret,7290
Welcome Wizard,2226
junior85,3dc6e2c0-2d8b-45b8-a7be-5b8f2ec4ed59
K. Sparks,ac7b11e9-b6c9-446a-8147-bf0c2c451810
Fortyone,975e9cd1-247d-4e21-b5b6-94b6551c601d
The Scallions,fc9df9c2-fb04-4804-b4e3-2efd01d6723a
Chris Zabriskie,cd661c5c-c9ce-42ff-83f8-7b1dd1515d64
Cosmic Analog Ensemble,e05a9d5c-1fb1-4652-8b54-d0c97add6b94
Alaclair Ensemble,885ed00a-34ba-4139-bcfc-5065f6270726
Bryan Lewis Saunders,6c789bd8-cc7d-4445-b068-11e1930c8875
Nicky Cook,bf670de5-ad6a-4ac0-9068-184dedf351ef
Obits,b6c82c04-f1b4-41a6-ae15-a64a96d1e6c4
Thiaz Itch,7a6baf0c-04c3-4693-867a-bd3a6481e26d
R. Stevie Moore,6ac67c73-2833-4af3-b2e7-3bec5a7e3f85
Krackatoa,438f04dc-41ea-4de9-9d56-fc845b52d0c1
Ketsa,fa62a309-ae21-48ea-b1df-ff7e4893a986
Future Sauce,19799
+HIRS+,d98ae071-e23d-4058-b2ed-e136d2c1b593
mr&mrsBrian,17bc61cf-62cd-43a2-b8a3-a988aa6e34c3
POVALISHIN DIVISION,000b33e6-1479-4b95-8202-d4d838519164
Clinical Archives Mix,10117
C-Doc,a3370c9f-3fdf-4d9a-bb74-e8ec7d4f1957
Asian Women on the Telephone,a5eb9bd0-c49f-4d6f-8045-402dcc836471
Roger McGuinn,6ec7336b-a56a-4b5d-bcec-575d2b8ed4e1
Kevin Bryce,88926e80-80bc-49fe-853e-4fd74be68c70
Tusk Lord,225ac73d-1060-4d37-a7ca-4a39725cc41d
The New Mystikal Troubadours,7ca79c47-0c3c-46bb-aa8e-0bc32ce29114
Kellee Maize,0a67d138-8cd0-49f9-94f6-e65826f1a8ab
Lucky Dragons,0654393d-253f-4a4d-a7e0-fbc799152930
Castello di Trokai,19030
The Hathaway Family Plot,7e8c21e1-f7a1-463b-ab09-11f5acc35b74
Pk Jazz Collective,8f8db5c9-8887-4922-af35-4b6bbe0ccfc4
ROZKOL,42ec9891-45d4-4658-ba8b-ca072e4b5b25
Tab & Anitek,a408f71b-fd12-45a5-b37f-f352d8d9c883
theAudiologist,502768c0-d13c-4855-b40a-33e98e59c69b
Pablo Ribot,86c3eac5-61c5-45c1-a146-bb10198ab2a0
Lee Maddeford,97dc2417-9b19-4488-8286-4fcc26fa2fd9
Samuel Corwin,21877
Jad Fair,be4a8e65-a7ba-474c-989b-ed16e51c1a39
Just Plain Ant,c2efd199-1f21-4bce-aa0f-7b9abe92bb1e
Altered:Carbon,1ef3022e-3de8-4419-b852-ce0cbe85cba6
Glove Compartment,149
Gorowski,9ed4d6b2-67c1-44c4-9a4d-e4e2e76d2659
Krowne,136d4c42-9e55-4129-a1e8-650e2db9c9bd
Stealing Orchestra,138aa72f-17ce-4a4e-8a52-a5fa323c449b
SPCZ,d65f4d0a-fcad-4716-8c24-e887ccf7c715
Project 5am,2f78086c-aa1c-4fe6-acf8-bf08a9ef764f
Mitoma,1480cd4b-5f76-402e-ae2a-6b890b09def0
Bruce Miller,11687
Asthmatic Astronaut,67ac6b5b-0d9e-4272-af33-05dafb632ff1
The Kyoto Connection,05c2dbb0-2704-4d33-a39b-d21cec4ac678
-ono-,13625
Vulvinia & Jambonstar,dd91c186-6b9f-4040-a74c-4823351e0d9f
Blah Blah Blah,84
Bacalao,5674
The Honorable Sleaze,e6b6c5cf-5bcc-4a5b-bcd8-47eb61173c39
MIT Concert Choir,300a73a7-d36d-4bc9-8d52-95f84d62e28e
Ryan Little,757a9514-33f1-4f66-8afb-816ca2761c77
Benji Cossa,9e2ca9b0-261f-4190-ab4f-0c17a167357f
Ventolyn & Becotyde,df357457-833b-4741-89ee-78b04da8d223
Bomis Prendin,ae8b6ba4-479f-4e53-aaa4-535401808511
Krestovsky,f5039d43-1abd-4652-9868-96634076c33b
David Rovics,4d56eb9f-13b3-4f05-9db7-50195378d49f
Long Hair,10990
Vate,519a4f81-c149-4f6c-85a0-3628bbe94d75
Chenard Walcker,5ef9d128-f837-4fde-9c65-767daab13522
Jon Rose,1975
Kathleen Martin,5bccdc1b-5afe-4a12-8d7b-655d4dc93186
Vernon LeNoir,77d7005e-edc9-4a34-8040-8d9491088f4b
VYVCH,18314
Broke For Free,069a1c1f-14eb-4d36-b0a0-77dffbd67713
The Superfools,0e375c6b-8af7-4f0d-a6b9-734b6e53006d
Dave Depper,63ece28c-0724-4db0-909b-3921ac45b10a
ODORBABY,5ee8a142-207d-45b6-a276-6b03358d9c78
Cagey House,9128dad9-f549-46a5-9088-1305f2007ec4
Waylon Thornton and the Heavy Hands,94b10064-b21a-42af-9ec7-636eb157301a
The Tudor Consort,384b2de8-22d1-4868-abce-2cf7c7ab6133
Figurative Theatre,cda56d54-a65e-4ec2-bcd9-786199d80b43
Wooden Ambulance,878aa338-5d84-4434-b851-3db86c0646ba
Waylon Thornton,10027
Music Factory,18686
Berthelot,3b9e456c-1839-4142-9351-1d050a0a9162
Cory Gray,62babf73-8652-4ac1-96ed-85a1026e97a1
half cocked,21946
TALES,22160
Garmisch,91cb3bac-059a-45f4-923c-d78c4980b48c
Wayne Kinos,22014
S.J. Mellia,f5b68a67-b69e-456f-9004-503444e462a3
Apache Tomcat,70184826-f8f0-4c4d-bfa2-bb1f6fd6e549
Free Matter for the Blind,2
Sam Gas Can,dc8737fb-07bf-45d7-982c-3769f945e51f
Mild Maynyrd,7770b3de-f1fa-4134-b2b1-1f193de58bc8
Jason Shaw,d31f3f70-374c-489d-af7d-1cbb10f40533
Volcano the Bear,0dbb85b2-d0c6-47bf-b7c6-6011df868896
Fields Ohio,99daf93f-86d3-4060-877a-c808a370f279
Westy Reflector,bc01661b-53f9-496d-88b6-055284b8a92d
P C III,9d623e3f-60b2-4f2b-a2f4-71b97e0651d9
Deadly Combo,17695
D3Zs,6b368066-6ddf-4032-a7e6-a050270ed648
Andrew Howes,ab16d31b-3f5b-4547-b67f-1f7b3ffd6505
OWL BRAIN ATLAS,10567
BADLUCK,11216
Vir Nocturna,21533
Celesteville,fbe12051-cf4a-40a9-9f13-2203b243bca5
Hazardous Guadalupe,3651
minusbaby,74e7eb10-8e19-4f42-b190-d2e57f89f51d
Candlegravity,a55ad956-3427-4e3a-b4ef-69cac8dc2ceb
Dyman,90c6625b-3649-41c1-817b-b5c2f45458b0
Noise Problems Selections,13528
Toussaint Morrison,f2d57e9d-9a2d-4898-b773-f291ff473638
HighWay17,b159a5c5-7870-4f37-97a8-e9193b377e1a
The Hate Noise,d48d3769-4904-415c-a7b0-ee3f3dabb06a
King Ghidorah!,13050
The Rories,10811
Ian Alex Mac,19283
Electric Mirrors,16270
Eaters,8664
Dexter Britain,c2a2f396-5d62-4d8a-8395-b4ab9962f1b6
Sick to the Back Teeth,0a0b0cc1-283d-4b7a-b179-e22089d57b60
Felipe Sarro,40a22c36-3142-4d73-9c58-b8808612172a
Los Llamarada,3d1270a4-26e7-436b-9d33-bdf513e33c0e
happiness in aeroplanes,11939
Alpha Hydrae,19816
Little Glass Men,19453
Carnivorous Birds,8490
AlexandreDavidGabriel,7f66192f-5968-454e-880b-d56395640a1b
Mike Morton,15460
Eigenheimer,4efb2af3-6cc0-4f78-9db4-a6e3b79d49de
AG Davis,d60b2f9c-e9ac-4996-951f-0a5a08a16b9f
Komiku,fca800c1-6fc3-4bfb-a5de-8c2398c27bc0
Jimmy Penguin,f24a7d21-56ce-48e4-978a-a073b3efec10
Bouwakanja,ae5a3060-83c0-4877-b71c-95941d6bbdcc
Winjer3,20c19b9c-a8ed-40ea-a007-4f1dcb8465cb
Mors Ontologica,9f13d8fe-d71d-4d28-8192-41bbd004fe0c
So Cow,6b8acfaf-9b72-40cb-972b-17e6bc21d3af
The Shamblers,1212
Volvox,2268
Syndrôm,8126
Jarby Mc Coy,19064
Radioactive Sparrow,3171
mathgrant,ba3fbcf4-9b93-4b4c-91e5-a0a0e640144b
TRG Banks,c0d0512c-8612-4f0c-a920-5dab9b1ec886
Phil Reavis,5b077ba3-c9e9-4a25-b41e-563c7c39cddb
Happy Elf,7ca45252-027d-44a9-9dd8-b65773f44ad6
Acreil,cb018fe3-6e59-479d-abde-ed30cb2170bd
James Beaudreau,41b28afe-e7e4-4e15-ab9f-efa5e1ce9d9f
Visager,981220b7-6ba1-4814-a5c4-a4e2220025d1
Pot-C,e4da335b-1939-42e5-b1e9-8a5e96e786e7
Silver Process,11099
Pandacetamol,a8d213f0-870f-4005-a6a7-5d5409880e70
Vladimír Hirsch,4a53644e-9122-446e-822d-61ebcdcfdb32
51%,8482
Misiaczek,e9bf5c9c-c8c6-4a0d-a0e7-be543682b19b
Johnny Haway,95ffeaf7-7b27-4239-a8f6-da145dc726f0
Cooper-Moore,99d8b191-7d69-4262-81fb-e24da9fd6640
"Tab (Hip Hop / Trip Hop / Reggae Artist from Roselle, USA)",027bfdea-6e7c-4dbb-b877-55cc781732ef
Art of Flying,59f27fc3-f2d6-4e62-a861-505f24e825f9
Sci Fi Industries,2d2f0046-6112-4193-b791-382285fc29c5
Ant the Symbol,98a5fcde-e095-4945-b917-be79ca899eed
Lately Kind of Yeah,b4f56bd5-a565-4c8b-9b68-6f8eafe11e82
The Gateless Gate,c184f504-127e-45c7-9a65-815034142c2c
Konstantin Trokay,3d914ab4-d7eb-44b6-bf49-1b19fe332331
Gwilly Edmondez,a6a9be78-e035-4211-b06f-4ed1815f12a2
Mystified,0c631402-23c8-4ca0-bfd9-de04ad25a50a
Pianochocolate,2e9db542-5995-448d-8b96-b6bd8d2d1ea0
SLP,21313
Unheard Music Concepts,22407
Flugeldar,8488
reed blue,2844009a-4df7-4d1c-9b7f-389272d388d1
Audio K,08118824-c83f-4747-97ab-fedd10ce18e1
The Underscore Orkestra,9ae39cac-3bea-4a54-9f69-a95a69718bed
Simon Panrucker,62d8043c-b7a1-4afe-8e2d-69f40c0f7912
Decktonic,22e26960-06f5-42da-aa1b-ddc4464a2c22
Fork in the Blender,f851b281-c860-4f6c-9658-70c95e3fc52a
deef,14552
etc.,13518
Plushgoolash,7949
Pilesar,ea297641-761a-4c7f-b3fd-91ae4d1a1225
Attic Ted,5baf0d42-6c3f-4ac4-8eba-df82ffd37206
Custodian of Records,706106d5-02fa-4e57-b324-1a2daac2e7e2
Fierbinteanu,0853336b-ca98-4d82-b81e-f01b82ce9549
Automating,9e14408f-db0a-444f-a53e-314453d49705
Digi G'Alessio,5935238b-3b2b-47ce-b272-42a9fe92d22f
D SMILEZ,22007
Martin Rach,8f04212e-afcc-45f2-b5f2-aea7f629ab6c
Delphine Dora,bbe1cb66-a285-4d86-ab15-4d5c2a8d14ce
Chuck Bettis,cf315e43-b07f-4ceb-a722-d2e9a7565cf9
Brunk,99695950-b5a1-464e-bc13-748630171627
People Skills,9de0102f-7820-4e99-9170-c322acefadef
SULCUS,19815
Alexandre Navarro,a11e0acf-3116-48ca-9f44-598a7ebbf36c
GaBLé,1e72fe9d-20d4-4718-8435-c17fcde53118
Elemental Noise,33544388-a6da-4f24-9f6c-adc1d8f996ff
LOWdown,13450
Doctor Turtle,f24d6d2b-fa75-4ffa-8986-ca3dac6ad68f
The Crypts!,c3c2f774-ef97-4ccd-a70d-12c2ef0b8e48
keith helt,e2de1b25-5648-4e84-b1d5-170acec3acc2
Ayla Nereo,c95b3474-8788-4bd3-ada6-33849810af0d
Ed Askew,91a11b60-2452-4e4d-b2e9-ce9eba034c01
Dadalú,cb644e68-9c1e-4f9d-aee7-8c8d3cb9b36b
Rolemusic,41bc38ad-beb4-420c-b3f7-bd4241596d44
McCloud Zicmuse,fc90363a-e39e-4ff3-803e-0ec989bfeead
Amitron_7,e90118d8-0a2b-48f7-a544-44246c6dba61
No Monster Club,4886cf1b-3824-4ed5-a535-1907cf7a9044
Vialka,1f6240e4-6df2-4f29-a1df-88baab0bdc3d
Cryosyncopy,3a3e71d4-2f61-42ba-97dc-32b3ab7b77a8
Jesse Spillane,7ef8a5bc-b977-49dd-a2cf-c0f939790db1
Gumbel,31eeef66-819c-41f4-be45-8fbfe954e571
Cave Bears,a388303e-5457-4174-86af-e2267c6b8e06
Mikroben Krieg,b61e1974-79ba-4075-8e46-baff9f4801ce
Wildlight,03744cdd-54df-428c-944e-e91e843a53b2
Prana-Bindu,11624
Sergey Cheremisinov,203f59b0-d89f-4fff-8f7e-2b0fbba570e4
Arcane Waves,f0208795-f1d6-4146-82dc-115686e8e9b3
Expwy,13385
Natural Snow Buildings,8f48ecc4-0813-4edf-ba67-818f47e7e752
Italian Dub Community,7267
Ophir Ilzetzki,2293
Filipe Guimarães,346be7d4-bc13-44de-8c11-a71a211ef578
Yale Women's Slavic Chorus,6345
RoccoW,ccbd6b48-ff81-41f1-a0aa-1a669c2c1633
Jonas,15984
Colin Langenus,c753a01d-02c0-4b83-b5de-591e273fe8a8
Psychadelik Pedestrian,bc92271d-fc14-4afe-9d14-c382e02071a7
The Peach Tree,fd6e9cb5-47ca-4e69-8456-ce697142bb6c
Seclorance,ff0016ce-07fa-4a3a-9c2e-9bc34d317297
6majik9,16e6e894-1442-4555-ae49-882aede5ca7b
Nautical Almanac,94a43456-17d1-4812-91bb-b554951736e0
Kraus,4925
Diogenes In Hell,18543
Allister Thompson,4f904bbb-8c47-46bd-b5b0-bdc39e8d8d75
Pipe Choir,0a393c1e-abc3-4c93-a805-4709a131a1e7
The Basic Income Earth Network,9135
Nihilore,ce2e3136-be6f-4a5a-8df3-2cb212983709
Fleslit,23208
EAT!,2123
Chamomile,2120
element orchestra,13547
Brian Dewan,ed524c39-c9ca-4028-9212-b4095d0c77b0
Rumbus Merrylegs,dff4133d-dd23-4e5a-a029-025d778be2c5
Lame Drivers,7383b8ae-a7c6-4901-9b2a-5513deb2c7de
Nicky Andrews,224
Goto80,0f26281f-3add-4e54-b7da-4d335c0ca19c
Miquel Parera,53feee64-79ed-4504-abbb-047fe32e1f17
The Rope River Blues Band,8407
Bureaucrat & The Conspirators,11219
NIGHT VIKING,ca6766ea-9c3f-422c-9677-26db0d8fc2e4
suRRism,83cf8f43-ff79-4126-921f-f75b9392e0c3
Qkcofse,91625462-0c61-4aed-8236-2dee11a2ffaf
Bad Ronald,20584
Silence is Sexy,f2578f3c-5994-4e93-8d75-db9dcc5b29f0
The Custodian of Records,9224
Manuel J Grotesk,8728
Floating Spirits,0d2bfe0c-20d4-4cfa-b60e-1f5e049922d5
Oelek,21061
Laszlo Harsanyi,21526
Josh Armistead,4d998be0-5b27-43c0-8826-cb82241683e9
Vernon Lenoir,77d7005e-edc9-4a34-8040-8d9491088f4b
MUTWAWA,7729
Folk Festival Massacre,12912
Mons Jacet,15782
4mat,f5af8ea3-1c87-41d5-9934-2a744de6c41a
Mastermind XS,1f6e3695-ea3a-4d89-9f7a-a74cab95b6ed
e.p,13519
смерть в летнюю полночь,af86b061-03ec-4e16-b06e-8e90ce161a20
transient,3717
Undress Beton,ebfe92d8-32be-42a4-8d1e-a0ff5da4c0cb
Baker & Able,8478
LE CHEVALIER DE RINCHY,efc13270-6468-4398-baa7-4218c831173e
Olneyville Sound System,d94d34d3-f01b-4fa3-8722-b555ad0adce0
Kitty Kadoogal,2214
Blue Sabbath Black Fiji,5625d97f-6c20-48e0-857f-2af472b907c7
Malaventura,5673
DJ Def Chad,18156
Pk jazz Collective,8f8db5c9-8887-4922-af35-4b6bbe0ccfc4
Uncle Milk,18587
Jukka-Pekka Kervinen,e247d036-a8d2-4e84-8b35-245d4a59b917
Josh Spacek,20108
Eaters,51770183-c976-4ac7-b267-f87455950f00
alright lover,8376
Manueljgrotesque,7272
State Shirt,6e7959d5-cc38-4bfe-bb92-0801e1e9192a
Talkshow Boy,e8d94cf5-fafa-48fc-a6fa-aa50cf54d7f3
We Is Shore Dedicated,137e5f26-cce7-42da-af6f-0d580b20e810
Regenerated Headpiece,b1f573e3-cc5a-4fcb-b6b7-a63fe7750e21
Les Baudouins Morts,d047f4ba-e541-45de-8d10-1b8661774bfb
Dan Deacon,8dd73d1a-0424-4581-af8c-ade3edb44c5a
Matt Sekel,c700f508-662b-4844-8a7f-4b6dfc25fbea
transient,4cb5b170-07f9-4428-bdfa-7b74a2122553
Ant The Symbol,98a5fcde-e095-4945-b917-be79ca899eed
Janne Nummela,598c1380-7840-453b-b588-9bc25f42a92a
De Dubbelrieters,19029
Pee-Bug,37b60505-e453-4f27-a589-bdbc3f683c71
Remus,6240
Edward Shallow,fcb1ef3a-381e-4316-8f71-7445b0270acb
Lloyd Rodgers,83f357c0-2e1f-4f1d-a674-d3246f364f77
lost-radio,e34fd2e6-b453-488a-8a8f-e27eb30ffcd2
Analog - Brain,23486
KenLo Craqnuques,5a962bd1-d271-40b2-91a3-8eb4314845d5
Jimmy Cousins,91591c53-568f-46d7-a870-e304c71168ea
Hammer of Hathor,9c52f26f-aee8-4309-a171-3b4fc2e991d4
Jan Grünfeld,97c2d57f-0279-46f9-a42f-2e9809327d37
The Tleilaxu Music Machine,b39bca37-799f-4c50-b242-fd94e9b2e1e9
"Roy ""Chicky"" Arad",e0c0ec28-6be0-49d1-93e9-8a3294cdc6f4
The Kazoo Funk Orchestra,9872d888-c344-4b05-b75e-2ab25807e8c3
uiutna,fe9fb693-a70a-427e-83a5-18f0b7072227
Wurlitztraction,ecf98a36-89e0-4e3d-b75b-fa4186511da0
Nils Feske,ef858200-8361-4b51-98c2-75023e5732ea
Delta Is,169e2f85-6916-4a77-8435-a12467051ebf
dadala,bb3dcb4c-0b1c-47e3-9fcf-d0b4f859673a
Saito Koji,6d08d2e3-a43d-4472-aa83-e8fbb11c63b9
Spuntic,866533ba-3cf2-463e-b5af-3747d1666a62
lo-fi is sci-fi,a2b4f0dd-a748-47a6-94d4-4195d560a83a
Jonas the Plugexpert,1b53f964-9638-486d-8f6f-5a632d27e40f
Better Psychics,c1f9ec2b-9e06-4c63-9f06-9365c7596c73
Dyslexic Fudgicle,222e1e6c-e809-454e-a131-d017e4f2c304
D'r Sjaak,bbdddb61-4f98-47b6-8ae8-0bd3d197a015
Just Plain Ant,98a5fcde-e095-4945-b917-be79ca899eed
Bird Names,0bef8511-5471-4121-aa69-ca9573b03b65
Toxic Lipstick,828e7479-0322-4254-8404-92ba0070f6bb
Nic Bommarito,4072fec7-330e-48a2-8769-88fb567b9669
Sandro Marinoni,b9a4a227-58fb-4448-8c97-39259d9e77fa
Volfoniq,c023bb34-48b0-4160-ae14-fc578bcde5b2
Arrington de Dionyso,5b06874a-7b24-4298-b63f-cabf1b9f476d
Velibor Nikolić,1d519ee3-ef89-42ed-8aae-e21d2736df6c
Tardiss,15861
Kelly Latimore,b1c100b7-3950-4cc1-b15b-27d5e445a19c
Uton,9264
Unthunk,16993
Cassette Tape Bandits,20156
Pinklogik,f4130379-1d7b-4c9e-b514-68074634ce04
Sexton Ming,5e449151-a3bb-46a5-aa25-81675ca0c036
Dlay,21743
M.Nomized,a02b7f6e-2a14-42e2-875d-ed960fd9b349
Miquel Parera & Computer,22381
Yshwa,22568
Shearer,1efdbcbd-1964-4d6f-bdc9-1ec03da23919
Technology of Silence,689cdf11-56a2-48da-92be-10d4e72d0ce0
Ljudske Potrebe,11423
Marrach,de31807e-a303-4e6a-8871-7ae98ab1699c
Breakmaster Cylinder,c5e68ebc-5e50-473a-a982-d56642d20141
Christoph Schindling,42239038-39e2-4994-8ca3-b16a4ab69899
Rho,7125
We Are All Alone,16077
Monroeville Music Center,b0c056d1-1a3b-4932-b580-08464e820239
Viraeson,10991
The Easton Ellises,9d28cb91-4ed4-4dca-b310-4a195657bca6
et_,664433e0-794d-4d17-99fd-aadc92c4b45e
Tortue Super Sonic,7538
Daniel James Dolby,22319
Spencer Owen,8a140774-dbfa-439f-a72e-3f58f62cf4e6
AlienAqtor,d74d9f82-f5de-4345-b19c-bea467ba6414
Disorder of Rage (DxOxRx),
Flanicx,636c8a70-546c-48f5-a259-b94751071dee
Rod Brandao,
File Under Toner,9279
Uton,d10af145-7811-4bd1-a5ee-908db3f19444
Running Point,c9035471-b6cc-4402-9d5a-66d1fa9d9ef0
Mar-Tie,43bcd6e7-8446-4eeb-ab5a-61f79fbf3bd3
Manuel J Grotesque,68c07259-1f8f-4ca6-9888-050935fdeafc
Reigning Sound,fd15c842-515a-4157-8c37-2b54c86390bc
6th Sense,3089
Downliners Sekt,2187aec5-7ec7-4744-b153-3e2ea3b1b5bd
Revolution Void,8acc0285-4f6b-4877-8fc9-8e0cfab5397a
BitBasic,c39b2cb4-6d41-4084-8712-e3024fba5474
Eric & Magill,626af8aa-e792-4d0c-b467-4d201838f9b0
Third Mind Movement,d4d26856-8ec6-4aca-bf7d-7af80ba20fc4
Turku,f96197f7-f9f0-45e6-b620-c2e44c994575
Coin Locker Kid,23678030-ffc5-4490-b636-2cb59da9ad83
Breatherholes,8d641e3d-9a61-437b-ac3f-9e2092672d95
Dazie Mae,ef667836-bdd8-463d-9e34-c2fc4e49909e
Jonah Rapino,ea284133-9864-4923-9d49-c22ef97ec8e1
Debmaster,b44b0f4a-c027-4b3a-b605-a3fa6e6dcd78
Silent Strangers,452758bc-a8fe-4cfd-b63c-42132b51d860
Tom Woxom,2c146a07-8594-4c49-b810-07a6180e6c25
Chtin Mara,79da86ab-151c-4946-a4f3-c7f652707248
Amil Byleckie,7546
NaDa BaBa,10154
Dustdevil & Crow,6627
los pilotos,21489
Homemade-LoFi-Psych,8459
JIHEL,1c074fb3-8eb5-4e50-9292-64cb91d5984c
Daniel Veesey,2355
The Family Simpson,5176
Mincemeat or Tenspeed,b5d9fe6f-72d3-427b-908c-22f291dc9551
Invaders From Sears,93970396-e0a0-4613-80fe-0156b2ee2a3f
Jaap Blonk,43764e83-2f26-43b2-8a20-d491907e56af
Jan Strach,19468
Full Load of King,dbce036d-02d0-45d5-be43-98943c0d684c
Lata,9937
Liam Stewart,9288
Napred u prošlost,15278
Massimo Ruberti,4905cd83-a18f-4033-9394-6a3bd65e0cc9
Chromix,d05a1a8a-d8e1-4a50-8a1f-516b44a61577
Friends or Whatever,9cfcaa29-261a-4e06-97ec-1e30036a3dca
Entertainment for the Braindead,636ec2f4-0054-41f6-b1fe-e003ce6bdec1
Sic Alps,c6f39f9e-b0fc-4614-94a9-ecf648bd8f33
Daniel Barbiero,9b42da20-b06c-4e97-a736-4cad0a1cbf8b
Cherly KaCherly,f694c7e9-0f0b-4d08-b06b-0ec362ee436d
Marco Raaphorst,7255d74f-bc4f-4512-9066-55b7344180a3
PC-ONE,19535
Violeta Päivänkakkara,51b30ea0-f719-466f-ab41-9f5e79324fbb
Brice Catherin,10398
The Above,800a2f79-9d71-4165-a097-806f125d81f2
1donotuse,20311
J-K,14543
nisei23,76802f73-fcc4-4476-a17d-b0cc240c07d3
YELLOW CHAIR,15717
Sound Spread,e3526770-ae41-4b4e-8301-e33685c6edb3
Keijo,b2a2a2db-2d5c-449b-b3b7-85d73585f0ee
Bashed Nursling,197f1b1a-fcc8-4bf3-8864-26880a603cba
Dissolved,8116
Fiesta Animal,8653
Mike Doughty,f3bcf7b3-be33-493b-8557-b201b3567828
Beme Seed,f0b7c98d-5245-48bb-a47e-1fcd68b25526
Leisure-B,db436594-ad73-4702-ab69-b9dc510c0cfa
Jon Watts,21446
SK,19803
Razabri & Lezet,24314
Trap of the Trap,8632
Koen Park,e2bf2d02-4bd6-4e07-85f2-86728bf58216
Break The Bans,16f721c9-acd8-40b9-8bee-e263a76a72d7
Retrigger,305c45a7-7f52-4042-bef2-2c554a8f7e81
Vivian Girls,d0676301-7ffc-4ff6-8b38-f8aeb8553115
Drums Like Machine Guns,6ecd7597-2fbb-4eaf-966a-448e9280d88a
Garm,2493
It's Notherground Music!!,3093
Nambavan,9ecf960b-16cc-48e4-919d-bbf296958910
Radio Shock,f1d4c9ca-5b4b-4254-b003-4371a2596cb7
Black Sea Hotel,48ba29ee-236d-4df8-b0f7-d1293ff0f9cf
Wehwalt,9e2dbc5c-05bd-4aed-9652-84012fc63708
CKZ,179cc9b7-fd89-4bbe-a0da-52fa38a14c5c
Coldnoise,9d053066-8fcf-49dd-bb1c-7c9b90953dd5
Los Margaritos,18727791-1705-4b61-8b54-0bce7939b5fc
Fake Cats Project,bad3b6ba-47d0-4429-8561-2260df8ce151
Advent Chamber Orchestra,640b515f-93f7-4b64-9289-41e1d55e6b13
Orbique,1f7054fd-5ab4-44d2-9d83-9a0d58cb9013
Best Friends!,2e6ec065-a9ef-478c-b0ca-f6e38773f3ef
Ending Satellites,2ba474ea-3bf6-4cbe-be65-847315d828dc
The Spectacular Fantastic,ae715b82-9e05-44f5-8aa9-0d28596f89a7
Voyageurs,05d27e20-2405-4952-9069-165d4cbb060e
Dublin Duck Dispensary,784dc158-9572-494d-a110-493e4cd14191
Ben von Wildenhaus,5e7f0435-963c-4cd5-bb40-ff2952779d6e
Pompey,13757
Greg Atkinson,692b61ee-7044-4678-9de3-d55bfaa80208
Fatal Injection,027a0421-b544-47df-a7af-1335a34dde4a
Sláinte,680e6095-68b0-43c0-99fc-5baa29debf4a
The HATE Noise and Anonymous,9954
Ylmoy 8,10461
Kirk Pearson and BIT,34397a79-d9eb-4600-b2c7-01b19ce14253
epsilon not,dba9566e-cca4-47f1-95f9-8754d394383d
Richard There,6a3bda71-799c-4e25-afc9-8495889e1aef
Tracky Birthday,e104bd8f-0152-4f5e-b696-1b646794f577
Farmer's Boulevard,53c809d4-5ada-4463-95ae-e3cb95488e94
Brian Joseph Davis,8af7565d-f3cb-4ac0-8309-2e54b70e5d8c
Fat Worm of Error,ee34fa85-6fba-4c87-bb7d-222dea43e464
Hayvanlar Alemi,93d16c36-727d-46ef-954b-5c32664e69ed
Meanwhileproject.ltd,7cd13942-03fb-42f1-aa1d-838e36296b19
6th Sense & Mick Boogie,3094
Animals & Men,cc3470a9-fe57-4238-8385-c61cdc10d7df
Frame,11574
REW<<,85421b29-cafc-41c7-963e-fe224f357e82
Uncle Neptune,7398
Stormhat,e5bda2d0-49d2-4e61-a723-d0286f4e042b
Cloudjumper,19056
4donotuse,15821
M-Pex,aade0940-c50f-438f-8e66-6359e4879194
Vitamin Pets,f90d03af-fce8-416b-bf66-8a91b7e9d93e
Russ Huddleston,c88dd041-0da5-41a5-b997-91d76f7a99ba
Night Birds,c7a4d766-6bc7-4766-b86e-35e8d8e3fa43
iot,11138
Paneye,f5e4485a-9ddb-401a-a64c-19c08f50230e
Kimiko Ishizaka,13715
PC Noise & Pedicure Records,20873
Mystery Mammal,98d525e0-06ef-4336-b199-f2ff94d79620
BVBEL,23824
The Zombie Dandies,32698bf3-4eab-4897-b369-102652358eee
Black Ant,84ce1fb0-c521-4929-96e6-747ed5302e74
Bacalao,b5ee58b5-17e8-4c58-94fc-221875399590
Zoo,f92fa0b8-1f9a-4a55-8fbf-3fca7590a41f
Gogofski,51a9c0ec-dea8-450d-8f71-72de8d1b3e37
Чокнутый Пропеллер,d259803d-3236-4859-87b1-d887476fcc6c
Trokai,16607
Daily Khaos delivery,19901
Ak'chamel,64919cea-0c60-44aa-9f43-4b686723ce78
Gurdonark,d10616a5-ac88-4f2d-af05-cfa8209d0087
Adam Selzer,e5fcf98d-b75c-4cfb-8827-0a52778725e1
DJ Harrison,411b5c5b-5432-4789-8160-6921c7cf6bcb
SANMI,13540
Blanche Blanche Blanche,b9bf2eda-4088-49ec-bf00-f3164ded9f1e
BoxCat Games,21dd4e7f-a5c6-4528-b64b-fb11c707fef4
Kingstux,6c04b91d-e0c6-47da-be99-7c4043824b60
Spectral Mystics,9436
William Hellfire,13228
Jeff Eliassen,13574
ps,13576
Das Kabinett,21231
Mise,22645
Humanfobia,97773419-3ede-47aa-860e-4b243f2b9205
¡para!helion,7578
Spinnaface,9292
Bullroarer,f76e7629-d0ae-4655-b347-971225af59f6
Undress Béton,ebfe92d8-32be-42a4-8d1e-a0ff5da4c0cb
Trance And The Arcade,42e05ca9-130a-4391-b729-0a6bb94b6036
Launay,3b0a8bdd-06be-4b98-9f9f-16b69d182db2
Spitfire Parade,a23bfb28-0e39-4a9f-9652-b6ac9408b1b5
Argumentix,b3b74797-1c66-4e47-a3d8-eed2256e1fa2
Brother JT,5f2fc238-7227-4676-9f48-f45e887a51ae
Gen Ken Montgomery,9fe4a38e-8f13-406f-8e60-8c077c27134f
Sagan,c98426ce-5f63-4240-8dcd-3a5b169979d8
Rotor Perdition,04f8d748-8b54-4d0c-bbf4-9fd682de2c00
dj smallcock,4268e05d-0c5f-478c-a70e-a86be8a934c4
Bermuda Triangles,3f1f3c8e-cf62-4305-bf29-c7a1e4ec47a4
Crab Smasher,7c644914-83f0-4079-a2a3-4ab5f57a7b71
-,13538
The Freak Fandango Orchestra,2a606804-510a-4728-899c-a9419adb82b9
reid karris,a137441d-e5d2-442e-9fb1-97aa5ff1e914
Jack Hertz,fa5f7e9e-5667-4771-8a05-f1e8c31386e7
Audiobinger,2e17d5d4-bd28-45a5-b601-3fce92ba12d8
Slackwaves,13197
Senyawa,ba54a312-7e90-4751-8284-4f32ea54a4fe
Small Colin,66fb7e8b-3a42-4882-a0db-10dde972eaa6
Paul and the Stretch,17805
Nheap,cf0a39af-59d6-4be5-82a1-dffd962ca7fe
Rubber O Cement And James Twig Harper,12904
springtide,4b03534a-6b88-47c5-88f8-34ce2055e85e
Maxim Kornyshev,451595e7-fe6c-4138-be31-8fe552f613b9
Gardenella,12953
Noidboy,6944
T3r4t0m4,22486
Neuroleptic Trio,8670
Min-Y-Llan,761da00d-0e52-4375-ab14-ba3205dcfdc2
Pierlo,f0308bae-f66f-4bfb-b044-4eb69bc486ea
Mr. Bitterness And The Guilty Pleasures,4388cb78-6e56-4c0b-8aa5-983259cc2554
Quint Baker,b5ae1814-580c-4dda-a229-97d549c6db45
Billy Murray,6116bd4a-1e7a-4e76-9b59-0b23a2887b01
Hank IV,ac67cf84-c526-4884-b776-7ed184dab57a
Bob Ostertag,9a4285b7-b793-42cd-a9b8-ff4aa16c5682
Arrington de Dionyso,2265
The Rabbits,21e63f91-960b-4cf4-8fae-20bac839c579
Angels in America,8b0010bd-fddf-488c-bc19-ae9996751d3e
Big City Orchestra,44db62b4-8572-43cf-8ea2-6492c91b4db9
Crash Normal,529b0abb-32a7-4252-88cd-1dc005b30333
Ultrabunny,679b62a8-a6a2-462f-b2b4-b11611db9c37
INFECTICIDE,16768f54-ed97-4117-958a-8cf92f8000e5
Roulet,f4eebb84-e067-4bf9-840b-4760266e6dc8
Lucas Perný & Miloslav Kollar,18181
Anton Mobin,d8c800e0-e1ca-41e0-b1f9-d56a359fc91d
David Mumford,20475
Clorofila Azul,3ad203da-08f3-424d-9514-6b13a1ba2ac6
Azevedo Silva,6cdb63dd-d261-40e5-96bb-67d9d4695d9c
Robo,64a8444d-dd5b-4ae3-a42e-73bd90e6793e
EARTH-ENEMY,15404
Chuzausen,9a5eba85-6beb-4f40-9612-722c085be4a2
Uniform Motion,f373cce0-519c-4c90-98dc-91da895a82bb
Stephan Siebert,c6f188c2-bceb-425f-8bf3-e8eaea1c0923
The Joy Drops,20819
Gabriel Pereira Spurr,9dedbaff-e0f8-4a50-a6ff-8bc0c13437e4
Jeremy Gluck,3b6040e1-efa6-4086-bb0a-2b637c60ada5
Achievements,21315
Simon Waldram,20350
Rock Monsieur,7317
Axial,8b5c138d-af9c-4bda-9370-85daae461777
Pornophonik,e97cc665-e5c7-4f70-96b6-3d897129a4f9
Jani Hirvonen,ef84a960-bd56-44fe-b285-3753488691d2
Titus 12,9960c5df-10c1-4b22-8243-0c1de6db6a51
Tonstartssbandht,3f6e6624-5389-4cac-bda4-87f5d7aaa4d6
Bronhard/Going/Public,92
Ethan Persoff,ce9d9837-6d7f-4294-bc69-c8f02f763ba1
Mink Lungs,268ff35a-569f-4974-835c-fdefa7d9b229
Steve Wynn,5eb64fa9-5231-4a9b-8742-e72c2d185519
Mondo Topless,1bd6e89e-8989-4b18-82b3-426f6334ffd0
Volvox,a491224e-6db8-441d-8e18-7058407f6188
Nick Jaina,329173b0-a27e-4ce1-8ada-0ff863a7c445
Marlo Eggplant,9cbcb796-1071-4466-b467-a46048348572
Stefano Roncarolo,8a2ad6c6-3526-4982-94ca-c02bc98f21bb
Uncle Woody Sullender,f437c953-cd90-484c-96d0-487383283f3f
Sawako,28dcd46c-0bd1-4787-8487-a43e7e13b233
Andy G. Cohen,5fb3b2c0-c245-4181-ac00-a6a101168568
Čopor,5c28b79d-ff53-45ff-ba1a-92db4ca6f526
Mark Castle,1bd36b09-9894-41a7-a2d0-375d652288dd
Lyndon Scarfe,8a86482c-043d-4b7b-9a72-6ef5ff207165
Hi-Rez,ffd5250b-9cdc-4baf-9714-800dbf7ab6ff
Megatone,17128
Lazer Boy,3daf5111-e830-4c95-92e0-46f494188140
Pixyblink,770fd220-dbac-4ea9-a883-2d3e95170851
How How,431be8c4-f8c5-4e0d-8aa1-47e06e563500
Trans Atlantic Rage/Balogh,14425
A Ninja Slob Drew Me,9de1badf-41d2-4875-80b1-5d85adceac28
Miquel Parera Jaques,13913
Mršavi Pas,11442
Colin L. Orchestra,10192
Jan Morgenstern,6938a39c-c984-4ae4-ae39-ad372519e809
Inside the Mind,2a281c08-1611-4945-950c-026e1f42f930
(morse),16860
Jeremy Macachor,5daf8096-08d6-4b83-94fe-65da2febd765
The Valleys,aeb57240-ceed-482c-af10-2a2b02337164
Let Me Crazy,a8033dbb-8f69-44b5-9c41-54e857012d3b
Mike Viola,3b857281-9d2d-4739-8bfe-305386ce8b7a
Carly Ptak,a77bb6c6-1841-4118-8b3d-57fd80a3355b
pat moonchy,8563b751-0180-4a72-b7d0-53900602466f
Nafta,10121
Punk Rock Opera,22128
Ryan Cullinane,23539
J Hacha de Zola,22652
Dora'li,6073
Tiny Creatures,6774
Chapelle 59,67512f0d-893f-472a-bb81-781e8b9f31d9
Three Chain Links,c5f7556e-c3d9-4c4e-9160-11c79116cab1
Good Old Neon,e6d369f2-9dd9-42e9-8217-6dca1e698f95
Joey Ripps,a9749e6b-bc5f-4528-be87-ca6afc6d7b82
Justice Yeldham,2240
New Waver,1f705d85-fe76-4f75-bcae-45aad4fe4c38
Spheriot,8bb9ba57-224c-4590-abb4-bfd8bc68b07a
Sminky,fee304b1-718a-46eb-baec-2d13b2234ca0
The Decapitated Hed,3640
Kania Tieffer,e0da7745-7caa-4be4-bb60-e1a7daca5347
dustmotes,e9a3af8d-426e-4557-b6b1-a2f85250e6f1
Egg Nebula,bd35e2b2-7966-4616-947f-9eef96dd783f
Astma,9622
Strong Suit,16815
Cletus Got Shot,f07a68b3-e4a7-4463-8235-bbd58a6d0be9
Nightech,e1bcb11f-d9f9-45f1-990f-16d4ce2cc069
My Own Cubic Stone,3d75ff2b-c571-41db-8641-294d3668f4b5
Shamil Elvenheim,13531
Juan Antonio Nieto,f8e938f0-28d0-40ba-adcb-6c9cfd7a304c
Visciera,481e8f4e-fb74-4ba5-9e5f-a105dcd2d2a0
Church of When the Shit Hits the Fan,ebe120c4-cb4b-40c3-b8be-06d60a29f064
The Hussy,56cd2ce3-fdff-4d88-ba6b-ac2ca18971fc
Assif Tsahar,ea17dbfc-f53d-4c3e-b96f-455b901b55c5
Golden Hits,9ea9cc93-e3c4-4d8c-8767-f95ff806d411
The Mugris,5d2eecfa-0d56-43cc-bd83-eca0d0bd90b4
Mister Drey,21310
Rest You Sleeping Giant,2f977421-74e5-400d-9d02-ed7fb036b3ea
Kοκκαλα,21488
Vicnet,94286482-b1da-401c-9a6e-39ebddd24974
KieLoBot,22616
Mported Flows,f57a4abf-a85c-4ed7-b764-7f51ac0b530b
Régis Turner,3cb797a1-00af-461e-bf0c-b5eca00dd586
Olelé Brut,df2639fb-1d32-4981-a7a6-acffe3de2dc7
Mombojó,969e51a2-4982-4c95-b365-eab8100f8b7a
