query_name,matched_name,creator_id,total_results,count__free-music-archive,count__laion-disco-12m,count__sleeping-disco-9m,count__spotify-tracks-dataset,present_datasets,used_by_datasets,used_by_companies,flag
Podington Bear,Podington Bear,2c15f704-d0f3-4175-80c4-97f395ad7d9a,606,586,0,20,0,free-music-archive;sleeping-disco-9m,free-music-archive,Google;Stability AI,USED_BY
Kosta T,Kosta T,15891,551,551,0,0,0,free-music-archive,free-music-archive,Google;Stability AI,USED_BY
Ergo Phizmiz,Ergo Phizmiz,8a0194ad-6b24-448b-a069-5e7baf2eb1dd,567,539,18,10,0,free-music-archive;laion-disco-12m;sleeping-disco-9m,free-music-archive,Google;Stability AI,USED_BY
Blue Dot Sessions,Blue Dot Sessions,57d8f0d0-146c-442b-91db-bed873223d1a,566,410,150,6,0,free-music-archive;laion-disco-12m;sleeping-disco-9m,free-music-archive,Google;Stability AI,USED_BY
Lee Rosevere,Lee Rosevere,fff239d3-b78a-4c2c-9e05-d8b08857149b,394,368,0,26,0,free-music-archive;sleeping-disco-9m,free-music-archive,Google;Stability AI,USED_BY
Jahzzar,Jahzzar,0536f3c2-5484-47c4-b05c-bd30692f4e48,329,329,0,0,0,free-music-archive,free-music-archive,Google;Stability AI,USED_BY
James Kibbie,James Kibbie,437c5876-f406-45be-a3cc-e76d244ee497,319,319,0,0,0,free-music-archive,free-music-archive,Google;Stability AI,USED_BY
Mr. & Mrs. Smith,Mr. & Mrs. Smith,6647a26b-bd94-4bc7-8769-7b1e7207a824,317,317,0,0,0,free-music-archive,free-music-archive,Google;Stability AI,USED_BY
Ars Sonor,Ars Sonor,87fdd785-3c3e-439f-973f-8c6d4d5f5421,294,294,0,0,0,free-music-archive,free-music-archive,Google;Stability AI,USED_BY
Zreen Toyz,Zreen Toyz,ec0abf48-cfc5-46ce-8365-295444ce7c5b,281,281,0,0,0,free-music-archive,free-music-archive,Google;Stability AI,USED_BY
Jared C. Balogh,Jared C. Balogh,4257066d-6f3e-4226-9143-5b8a9ae17b84,262,262,0,0,0,free-music-archive,free-music-archive,Google;Stability AI,USED_BY
Steve Combs,Steve Combs,ee04b05d-7190-4723-ba3d-368038478306,257,257,0,0,0,free-music-archive,free-music-archive,Google;Stability AI,USED_BY
Derek Clegg,Derek Clegg,9243d9f4-c18e-4422-bd3f-98ca6295f9b9,256,256,0,0,0,free-music-archive,free-music-archive,Google;Stability AI,USED_BY
Lezet,Lezet,435440ed-3592-46ed-b31f-ec9939890462,249,249,0,0,0,free-music-archive,free-music-archive,Google;Stability AI,USED_BY
Josh Woodward,Josh Woodward,b09c8a50-7bfa-434f-a2cf-f9bf9f6f91a5,413,244,149,20,0,free-music-archive;laion-disco-12m;sleeping-disco-9m,free-music-archive,Google;Stability AI,USED_BY
OsO El roTo,OsO El roTo,4352,226,226,0,0,0,free-music-archive,free-music-archive,Google;Stability AI,USED_BY
The Agrarians,The Agrarians,44d34e0d-3679-40c8-b141-2f39321eb2e2,223,223,0,0,0,free-music-archive,free-music-archive,Google;Stability AI,USED_BY
The Fucked Up Beat,The Fucked Up Beat,241a05f8-8576-41fd-ac0a-442ddec2c20b,219,219,0,0,0,free-music-archive,free-music-archive,Google;Stability AI,USED_BY
The Impossebulls,The Impossebulls,b034e706-419a-42a5-87fc-fa843ac31be2,205,205,0,0,0,free-music-archive,free-music-archive,Google;Stability AI,USED_BY
Tha Silent Partner,Tha Silent Partner,d047a1fe-3f8b-45ff-92f5-855ff37c9658,190,190,0,0,0,free-music-archive,free-music-archive,Google;Stability AI,USED_BY
The Polish Ambassador,The Polish Ambassador,e9787dd2-5857-4b51-8e59-a190a54820fc,381,185,172,24,0,free-music-archive;laion-disco-12m;sleeping-disco-9m,free-music-archive,Google;Stability AI,USED_BY
Monplaisir,Monplaisir,22472,184,184,0,0,0,free-music-archive,free-music-archive,Google;Stability AI,USED_BY
Ketsa,Ketsa,6443,180,180,0,0,0,free-music-archive,free-music-archive,Google;Stability AI,USED_BY
Salakapakka Sound System,Salakapakka Sound System,becb76ae-627c-40a4-8cda-d339d21ad6d8,171,171,0,0,0,free-music-archive,free-music-archive,Google;Stability AI,USED_BY
Glass Boy,Glass Boy,0afadbf0-507e-43fe-8bfc-4c0afaec35cb,170,170,0,0,0,free-music-archive,free-music-archive,Google;Stability AI,USED_BY
Anitek,Anitek,a1630b32-a887-46fb-9c4c-6aae56d492a4,338,170,151,17,0,free-music-archive;laion-disco-12m;sleeping-disco-9m,free-music-archive,Google;Stability AI,USED_BY
Cheese N Pot-C,Cheese N Pot-C,6bf7f09a-829e-439c-9505-3a5bcd48c61f,167,167,0,0,0,free-music-archive,free-music-archive,Google;Stability AI,USED_BY
jonas the plugexpert,jonas the plugexpert,5965,164,164,0,0,0,free-music-archive,free-music-archive,Google;Stability AI,USED_BY
Lobo Loco,Lobo Loco,37dd2973-d750-48aa-9557-64652fcf7d32,310,161,149,0,0,free-music-archive;laion-disco-12m,free-music-archive,Google;Stability AI,USED_BY
David Szesztay,David Szesztay,21616,158,158,0,0,0,free-music-archive,free-music-archive,Google;Stability AI,USED_BY
Nonima,Nonima,ac20cd1c-6c0f-4b7f-993c-11d0de3aa4aa,160,160,0,0,0,free-music-archive,free-music-archive,Google;Stability AI,USED_BY
Jaan Patterson,Jaan Patterson,802b2906-81b7-4940-8f7e-e99164d12634,155,155,0,0,0,free-music-archive,free-music-archive,Google;Stability AI,USED_BY
Big Blood,Big Blood,63c5e98c-0b24-4939-ad8c-f6ed235b7980,163,153,1,9,0,free-music-archive;laion-disco-12m;sleeping-disco-9m,free-music-archive,Google;Stability AI,USED_BY
Phemale,Phemale,960ebb62-9209-462e-a763-d70c2cb7e073,153,153,0,0,0,free-music-archive,free-music-archive,Google;Stability AI,USED_BY
U Can Unlearn Guitar,U Can Unlearn Guitar,e1e670dd-9589-4699-a721-469cee925c14,149,149,0,0,0,free-music-archive,free-music-archive,Google;Stability AI,USED_BY
Kevin MacLeod,Kevin MacLeod,8292bf44-2dd1-4bad-8019-276ec38f28e7,307,148,150,9,0,free-music-archive;laion-disco-12m;sleeping-disco-9m,free-music-archive,Google;Stability AI,USED_BY
simon_mathewson,simon_mathewson,e4c8f501-3c76-4c81-a5c0-e50686d7c298,161,161,0,0,0,free-music-archive,free-music-archive,Google;Stability AI,USED_BY
Kai Engel,Kai Engel,aa55b20b-36d8-4093-84f3-c5c7942ff2c8,292,140,150,2,0,free-music-archive;laion-disco-12m;sleeping-disco-9m,free-music-archive,Google;Stability AI,USED_BY
Mittimus,Mittimus,1640,144,144,0,0,0,free-music-archive,free-music-archive,Google;Stability AI,USED_BY
Cullah,Cullah,369b127b-ca39-4618-88f6-132f1bc8a27f,151,135,0,16,0,free-music-archive;sleeping-disco-9m,free-music-archive,Google;Stability AI,USED_BY
Richard Jonas,Richard Jonas,5ef5b8ec-98df-496f-b8d1-f91491a32513,132,132,0,0,0,free-music-archive,free-music-archive,Google;Stability AI,USED_BY
Squire Tuck,Squire Tuck,19472,132,132,0,0,0,free-music-archive,free-music-archive,Google;Stability AI,USED_BY
Scott Holmes,Scott Holmes,43ad772e-7a01-4b7f-83c7-64a3dfcc3084,136,131,5,0,0,free-music-archive;laion-disco-12m,free-music-archive,Google;Stability AI,USED_BY
Keshco,Keshco,92228b8c-b851-4a15-b324-cced2f0fb482,126,126,0,0,0,free-music-archive,free-music-archive,Google;Stability AI,USED_BY
johnny_ripper,johnny_ripper,cc6137ce-4ed9-4711-b775-b97c2e53db41,124,124,0,0,0,free-music-archive,free-music-archive,Google;Stability AI,USED_BY
The Conet Project,The Conet Project,433c0996-077c-4a28-9261-57858eb31832,122,122,0,0,0,free-music-archive,free-music-archive,Google;Stability AI,USED_BY
Schemawound,Schemawound,04c0cd87-8f91-436e-99b4-5520a53bfe5e,122,122,0,0,0,free-music-archive,free-music-archive,Google;Stability AI,USED_BY
Trans Atlantic Rage,Trans Atlantic Rage,6568f169-e0d9-42ff-bb52-cb2c7dfc0bf9,120,120,0,0,0,free-music-archive,free-music-archive,Google;Stability AI,USED_BY
Elvis Herod,Elvis Herod,4c60914a-628f-4483-90fb-a1945863a73f,116,116,0,0,0,free-music-archive,free-music-archive,Google;Stability AI,USED_BY
Oblivian Substanshall,Oblivian Substanshall,a94ea428-91a3-40c8-a38e-e05b338937d6,115,115,0,0,0,free-music-archive,free-music-archive,Google;Stability AI,USED_BY
Bauchamp,Bauchamp,ee23f53c-45cb-4528-80fd-34d1b61b52eb,143,115,28,0,0,free-music-archive;laion-disco-12m,free-music-archive,Google;Stability AI,USED_BY
RÉGIS VICTOR,RÉGIS VICTOR,8aafd7b5-76df-42cf-bfcf-7e55ee4cf315,113,113,0,0,0,free-music-archive,free-music-archive,Google;Stability AI,USED_BY
Circus Marcus,Circus Marcus,97d54a87-7c0f-4306-9cb0-f3b5fb86b7d7,110,110,0,0,0,free-music-archive,free-music-archive,Google;Stability AI,USED_BY
THF Drenching,THF Drenching,5118,108,108,0,0,0,free-music-archive,free-music-archive,Google;Stability AI,USED_BY
Disco Missile,Disco Missile,08c34398-d79e-40b8-928f-66f8a518762e,108,108,0,0,0,free-music-archive,free-music-archive,Google;Stability AI,USED_BY
Monk Turner,Monk Turner,817ec3ad-7ba2-451f-928b-cb15131cf5b0,105,105,0,0,0,free-music-archive,free-music-archive,Google;Stability AI,USED_BY
Telegraphy,Telegraphy,7a85c083-820b-4545-bf3a-5d42a08fc68a,104,104,0,0,0,free-music-archive,free-music-archive,Google;Stability AI,USED_BY
Learning Music,Learning Music,ff901e96-122d-4623-90f8-926cf8bae13c,103,103,0,0,0,free-music-archive,free-music-archive,Google;Stability AI,USED_BY
CM aka Creative,CM aka Creative,6fcdc0f1-ddd6-4adc-95be-adcd55a4166f,102,102,0,0,0,free-music-archive,free-music-archive,Google;Stability AI,USED_BY
Section 27 Netlabel,Section 27 Netlabel,8563,99,99,0,0,0,free-music-archive,free-music-archive,Google;Stability AI,USED_BY
ODOR BABY,ODOR BABY,64c2e7b7-9447-4c80-9ac5-871e625d4ada,99,99,0,0,0,free-music-archive,free-music-archive,Google;Stability AI,USED_BY
Benjamin Bret,Benjamin Bret,7290,99,99,0,0,0,free-music-archive,free-music-archive,Google;Stability AI,USED_BY
Welcome Wizard,Welcome Wizard,2226,97,97,0,0,0,free-music-archive,free-music-archive,Google;Stability AI,USED_BY
junior85,junior85,3dc6e2c0-2d8b-45b8-a7be-5b8f2ec4ed59,120,120,0,0,0,free-music-archive,free-music-archive,Google;Stability AI,USED_BY
K. Sparks,K. Sparks,ac7b11e9-b6c9-446a-8147-bf0c2c451810,157,97,21,39,0,free-music-archive;laion-disco-12m;sleeping-disco-9m,free-music-archive,Google;Stability AI,USED_BY
Fortyone,Fortyone,975e9cd1-247d-4e21-b5b6-94b6551c601d,98,98,0,0,0,free-music-archive,free-music-archive,Google;Stability AI,USED_BY
The Scallions,The Scallions,fc9df9c2-fb04-4804-b4e3-2efd01d6723a,96,96,0,0,0,free-music-archive,free-music-archive,Google;Stability AI,USED_BY
Chris Zabriskie,Chris Zabriskie,cd661c5c-c9ce-42ff-83f8-7b1dd1515d64,100,96,0,4,0,free-music-archive;sleeping-disco-9m,free-music-archive,Google;Stability AI,USED_BY
Cosmic Analog Ensemble,Cosmic Analog Ensemble,e05a9d5c-1fb1-4652-8b54-d0c97add6b94,108,95,0,13,0,free-music-archive;sleeping-disco-9m,free-music-archive,Google;Stability AI,USED_BY
Alaclair Ensemble,Alaclair Ensemble,885ed00a-34ba-4139-bcfc-5065f6270726,200,94,59,47,0,free-music-archive;laion-disco-12m;sleeping-disco-9m,free-music-archive,Google;Stability AI,USED_BY
Bryan Lewis Saunders,Bryan Lewis Saunders,6c789bd8-cc7d-4445-b068-11e1930c8875,95,95,0,0,0,free-music-archive,free-music-archive,Google;Stability AI,USED_BY
Nicky Cook,Nicky Cook,bf670de5-ad6a-4ac0-9068-184dedf351ef,93,93,0,0,0,free-music-archive,free-music-archive,Google;Stability AI,USED_BY
Obits,Obits,b6c82c04-f1b4-41a6-ae15-a64a96d1e6c4,113,93,0,20,0,free-music-archive;sleeping-disco-9m,free-music-archive,Google;Stability AI,USED_BY
Thiaz Itch,Thiaz Itch,7a6baf0c-04c3-4693-867a-bd3a6481e26d,91,91,0,0,0,free-music-archive,free-music-archive,Google;Stability AI,USED_BY
R. Stevie Moore,R. Stevie Moore,6ac67c73-2833-4af3-b2e7-3bec5a7e3f85,232,90,2,140,0,free-music-archive;laion-disco-12m;sleeping-disco-9m,free-music-archive,Google;Stability AI,USED_BY
Krackatoa,Krackatoa,438f04dc-41ea-4de9-9d56-fc845b52d0c1,89,89,0,0,0,free-music-archive,free-music-archive,Google;Stability AI,USED_BY
Ketsa,Ketsa,fa62a309-ae21-48ea-b1df-ff7e4893a986,89,89,0,0,0,free-music-archive,free-music-archive,Google;Stability AI,USED_BY
Future Sauce,Future Sauce,19799,88,88,0,0,0,free-music-archive,free-music-archive,Google;Stability AI,USED_BY
+HIRS+,+HIRS+,d98ae071-e23d-4058-b2ed-e136d2c1b593,124,92,0,32,0,free-music-archive;sleeping-disco-9m,free-music-archive,Google;Stability AI,USED_BY
mr&mrsBrian,mr&mrsBrian,17bc61cf-62cd-43a2-b8a3-a988aa6e34c3,87,87,0,0,0,free-music-archive,free-music-archive,Google;Stability AI,USED_BY
POVALISHIN DIVISION,POVALISHIN DIVISION,000b33e6-1479-4b95-8202-d4d838519164,90,90,0,0,0,free-music-archive,free-music-archive,Google;Stability AI,USED_BY
Clinical Archives Mix,Clinical Archives Mix,10117,87,87,0,0,0,free-music-archive,free-music-archive,Google;Stability AI,USED_BY
C-Doc,C-Doc,a3370c9f-3fdf-4d9a-bb74-e8ec7d4f1957,87,87,0,0,0,free-music-archive,free-music-archive,Google;Stability AI,USED_BY
Asian Women on the Telephone,Asian Women on the Telephone,a5eb9bd0-c49f-4d6f-8045-402dcc836471,86,86,0,0,0,free-music-archive,free-music-archive,Google;Stability AI,USED_BY
Roger McGuinn,Roger McGuinn,6ec7336b-a56a-4b5d-bcec-575d2b8ed4e1,255,85,142,28,0,free-music-archive;laion-disco-12m;sleeping-disco-9m,free-music-archive,Google;Stability AI,USED_BY
Kevin Bryce,Kevin Bryce,88926e80-80bc-49fe-853e-4fd74be68c70,85,85,0,0,0,free-music-archive,free-music-archive,Google;Stability AI,USED_BY
Tusk Lord,Tusk Lord,225ac73d-1060-4d37-a7ca-4a39725cc41d,84,84,0,0,0,free-music-archive,free-music-archive,Google;Stability AI,USED_BY
The New Mystikal Troubadours,The New Mystikal Troubadours,7ca79c47-0c3c-46bb-aa8e-0bc32ce29114,84,84,0,0,0,free-music-archive,free-music-archive,Google;Stability AI,USED_BY
Kellee Maize,Kellee Maize,0a67d138-8cd0-49f9-94f6-e65826f1a8ab,109,83,0,26,0,free-music-archive;sleeping-disco-9m,free-music-archive,Google;Stability AI,USED_BY
Lucky Dragons,Lucky Dragons,0654393d-253f-4a4d-a7e0-fbc799152930,91,82,0,9,0,free-music-archive;sleeping-disco-9m,free-music-archive,Google;Stability AI,USED_BY
Castello di Trokai,Castello di Trokai,19030,82,82,0,0,0,free-music-archive,free-music-archive,Google;Stability AI,USED_BY
The Hathaway Family Plot,The Hathaway Family Plot,7e8c21e1-f7a1-463b-ab09-11f5acc35b74,81,81,0,0,0,free-music-archive,free-music-archive,Google;Stability AI,USED_BY
Pk Jazz Collective,Pk Jazz Collective,8f8db5c9-8887-4922-af35-4b6bbe0ccfc4,120,120,0,0,0,free-music-archive,free-music-archive,Google;Stability AI,USED_BY
ROZKOL,ROZKOL,42ec9891-45d4-4658-ba8b-ca072e4b5b25,80,80,0,0,0,free-music-archive,free-music-archive,Google;Stability AI,USED_BY
Tab & Anitek,Tab & Anitek,a408f71b-fd12-45a5-b37f-f352d8d9c883,79,79,0,0,0,free-music-archive,free-music-archive,Google;Stability AI,USED_BY
theAudiologist,theAudiologist,502768c0-d13c-4855-b40a-33e98e59c69b,78,78,0,0,0,free-music-archive,free-music-archive,Google;Stability AI,USED_BY
Pablo Ribot,Pablo Ribot,86c3eac5-61c5-45c1-a146-bb10198ab2a0,77,77,0,0,0,free-music-archive,free-music-archive,Google;Stability AI,USED_BY
Lee Maddeford,Lee Maddeford,97dc2417-9b19-4488-8286-4fcc26fa2fd9,114,76,38,0,0,free-music-archive;laion-disco-12m,free-music-archive,Google;Stability AI,USED_BY
Samuel Corwin,Samuel Corwin,21877,76,76,0,0,0,free-music-archive,free-music-archive,Google;Stability AI,USED_BY
Jad Fair,Jad Fair,be4a8e65-a7ba-474c-989b-ed16e51c1a39,107,75,10,22,0,free-music-archive;laion-disco-12m;sleeping-disco-9m,free-music-archive,Google;Stability AI,USED_BY
Just Plain Ant,Just Plain Ant,c2efd199-1f21-4bce-aa0f-7b9abe92bb1e,75,75,0,0,0,free-music-archive,free-music-archive,Google;Stability AI,USED_BY
Altered:Carbon,Altered:Carbon,1ef3022e-3de8-4419-b852-ce0cbe85cba6,75,75,0,0,0,free-music-archive,free-music-archive,Google;Stability AI,USED_BY
Glove Compartment,Glove Compartment,149,74,74,0,0,0,free-music-archive,free-music-archive,Google;Stability AI,USED_BY
Gorowski,Gorowski,9ed4d6b2-67c1-44c4-9a4d-e4e2e76d2659,74,74,0,0,0,free-music-archive,free-music-archive,Google;Stability AI,USED_BY
Krowne,Krowne,136d4c42-9e55-4129-a1e8-650e2db9c9bd,75,75,0,0,0,free-music-archive,free-music-archive,Google;Stability AI,USED_BY
Stealing Orchestra,Stealing Orchestra,138aa72f-17ce-4a4e-8a52-a5fa323c449b,74,74,0,0,0,free-music-archive,free-music-archive,Google;Stability AI,USED_BY
SPCZ,SPCZ,d65f4d0a-fcad-4716-8c24-e887ccf7c715,74,74,0,0,0,free-music-archive,free-music-archive,Google;Stability AI,USED_BY
Project 5am,Project 5am,2f78086c-aa1c-4fe6-acf8-bf08a9ef764f,73,73,0,0,0,free-music-archive,free-music-archive,Google;Stability AI,USED_BY
Mitoma,Mitoma,1480cd4b-5f76-402e-ae2a-6b890b09def0,73,73,0,0,0,free-music-archive,free-music-archive,Google;Stability AI,USED_BY
Bruce Miller,Bruce Miller,11687,73,73,0,0,0,free-music-archive,free-music-archive,Google;Stability AI,USED_BY
Asthmatic Astronaut,Asthmatic Astronaut,67ac6b5b-0d9e-4272-af33-05dafb632ff1,73,73,0,0,0,free-music-archive,free-music-archive,Google;Stability AI,USED_BY
The Kyoto Connection,The Kyoto Connection,05c2dbb0-2704-4d33-a39b-d21cec4ac678,73,73,0,0,0,free-music-archive,free-music-archive,Google;Stability AI,USED_BY
-ono-,-ono-,13625,72,72,0,0,0,free-music-archive,free-music-archive,Google;Stability AI,USED_BY
Vulvinia & Jambonstar,Vulvinia & Jambonstar,dd91c186-6b9f-4040-a74c-4823351e0d9f,71,71,0,0,0,free-music-archive,free-music-archive,Google;Stability AI,USED_BY
Blah Blah Blah,Blah Blah Blah,84,72,71,0,1,0,free-music-archive;sleeping-disco-9m,free-music-archive,Google;Stability AI,USED_BY
Bacalao,Bacalao,5674,71,71,0,0,0,free-music-archive,free-music-archive,Google;Stability AI,USED_BY
The Honorable Sleaze,The Honorable Sleaze,e6b6c5cf-5bcc-4a5b-bcd8-47eb61173c39,79,76,0,3,0,free-music-archive;sleeping-disco-9m,free-music-archive,Google;Stability AI,USED_BY
MIT Concert Choir,MIT Concert Choir,300a73a7-d36d-4bc9-8d52-95f84d62e28e,71,71,0,0,0,free-music-archive,free-music-archive,Google;Stability AI,USED_BY
Ryan Little,Ryan Little,757a9514-33f1-4f66-8afb-816ca2761c77,215,71,143,1,0,free-music-archive;laion-disco-12m;sleeping-disco-9m,free-music-archive,Google;Stability AI,USED_BY
Benji Cossa,Benji Cossa,9e2ca9b0-261f-4190-ab4f-0c17a167357f,70,70,0,0,0,free-music-archive,free-music-archive,Google;Stability AI,USED_BY
Ventolyn & Becotyde,Ventolyn & Becotyde,df357457-833b-4741-89ee-78b04da8d223,70,70,0,0,0,free-music-archive,free-music-archive,Google;Stability AI,USED_BY
Bomis Prendin,Bomis Prendin,ae8b6ba4-479f-4e53-aaa4-535401808511,70,70,0,0,0,free-music-archive,free-music-archive,Google;Stability AI,USED_BY
Krestovsky,Krestovsky,f5039d43-1abd-4652-9868-96634076c33b,69,69,0,0,0,free-music-archive,free-music-archive,Google;Stability AI,USED_BY
David Rovics,David Rovics,4d56eb9f-13b3-4f05-9db7-50195378d49f,243,69,145,29,0,free-music-archive;laion-disco-12m;sleeping-disco-9m,free-music-archive,Google;Stability AI,USED_BY
Long Hair,Long Hair,10990,69,69,0,0,0,free-music-archive,free-music-archive,Google;Stability AI,USED_BY
Vate,Vate,519a4f81-c149-4f6c-85a0-3628bbe94d75,68,68,0,0,0,free-music-archive,free-music-archive,Google;Stability AI,USED_BY
Chenard Walcker,Chenard Walcker,5ef9d128-f837-4fde-9c65-767daab13522,68,68,0,0,0,free-music-archive,free-music-archive,Google;Stability AI,USED_BY
Jon Rose,Jon Rose,1975,68,68,0,0,0,free-music-archive,free-music-archive,Google;Stability AI,USED_BY
Kathleen Martin,Kathleen Martin,5bccdc1b-5afe-4a12-8d7b-655d4dc93186,67,67,0,0,0,free-music-archive,free-music-archive,Google;Stability AI,USED_BY
Vernon LeNoir,Vernon LeNoir,77d7005e-edc9-4a34-8040-8d9491088f4b,107,107,0,0,0,free-music-archive,free-music-archive,Google;Stability AI,USED_BY
VYVCH,VYVCH,18314,67,67,0,0,0,free-music-archive,free-music-archive,Google;Stability AI,USED_BY
Broke For Free,Broke For Free,069a1c1f-14eb-4d36-b0a0-77dffbd67713,138,67,57,14,0,free-music-archive;laion-disco-12m;sleeping-disco-9m,free-music-archive,Google;Stability AI,USED_BY
The Superfools,The Superfools,0e375c6b-8af7-4f0d-a6b9-734b6e53006d,67,67,0,0,0,free-music-archive,free-music-archive,Google;Stability AI,USED_BY
Dave Depper,Dave Depper,63ece28c-0724-4db0-909b-3921ac45b10a,104,67,37,0,0,free-music-archive;laion-disco-12m,free-music-archive,Google;Stability AI,USED_BY
ODORBABY,ODORBABY,5ee8a142-207d-45b6-a276-6b03358d9c78,67,67,0,0,0,free-music-archive,free-music-archive,Google;Stability AI,USED_BY
Cagey House,Cagey House,9128dad9-f549-46a5-9088-1305f2007ec4,66,66,0,0,0,free-music-archive,free-music-archive,Google;Stability AI,USED_BY
Waylon Thornton and the Heavy Hands,Waylon Thornton and the Heavy Hands,94b10064-b21a-42af-9ec7-636eb157301a,66,66,0,0,0,free-music-archive,free-music-archive,Google;Stability AI,USED_BY
The Tudor Consort,The Tudor Consort,384b2de8-22d1-4868-abce-2cf7c7ab6133,66,66,0,0,0,free-music-archive,free-music-archive,Google;Stability AI,USED_BY
Figurative Theatre,Figurative Theatre,cda56d54-a65e-4ec2-bcd9-786199d80b43,76,76,0,0,0,free-music-archive,free-music-archive,Google;Stability AI,USED_BY
Wooden Ambulance,Wooden Ambulance,878aa338-5d84-4434-b851-3db86c0646ba,65,65,0,0,0,free-music-archive,free-music-archive,Google;Stability AI,USED_BY
Waylon Thornton,Waylon Thornton,10027,65,65,0,0,0,free-music-archive,free-music-archive,Google;Stability AI,USED_BY
Music Factory,Music Factory,18686,64,64,0,0,0,free-music-archive,free-music-archive,Google;Stability AI,USED_BY
Berthelot,Berthelot,3b9e456c-1839-4142-9351-1d050a0a9162,64,64,0,0,0,free-music-archive,free-music-archive,Google;Stability AI,USED_BY
Cory Gray,Cory Gray,62babf73-8652-4ac1-96ed-85a1026e97a1,64,64,0,0,0,free-music-archive,free-music-archive,Google;Stability AI,USED_BY
half cocked,half cocked,21946,64,64,0,0,0,free-music-archive,free-music-archive,Google;Stability AI,USED_BY
TALES,TALES,22160,64,64,0,0,0,free-music-archive,free-music-archive,Google;Stability AI,USED_BY
Garmisch,Garmisch,91cb3bac-059a-45f4-923c-d78c4980b48c,63,63,0,0,0,free-music-archive,free-music-archive,Google;Stability AI,USED_BY
Wayne Kinos,Wayne Kinos,22014,63,63,0,0,0,free-music-archive,free-music-archive,Google;Stability AI,USED_BY
S.J. Mellia,S.J. Mellia,f5b68a67-b69e-456f-9004-503444e462a3,77,77,0,0,0,free-music-archive,free-music-archive,Google;Stability AI,USED_BY
Apache Tomcat,Apache Tomcat,70184826-f8f0-4c4d-bfa2-bb1f6fd6e549,62,62,0,0,0,free-music-archive,free-music-archive,Google;Stability AI,USED_BY
Free Matter for the Blind,Free Matter for the Blind,2,65,62,0,3,0,free-music-archive;sleeping-disco-9m,free-music-archive,Google;Stability AI,USED_BY
Sam Gas Can,Sam Gas Can,dc8737fb-07bf-45d7-982c-3769f945e51f,62,62,0,0,0,free-music-archive,free-music-archive,Google;Stability AI,USED_BY
Mild Maynyrd,Mild Maynyrd,7770b3de-f1fa-4134-b2b1-1f193de58bc8,62,62,0,0,0,free-music-archive,free-music-archive,Google;Stability AI,USED_BY
Jason Shaw,Jason Shaw,d31f3f70-374c-489d-af7d-1cbb10f40533,62,62,0,0,0,free-music-archive,free-music-archive,Google;Stability AI,USED_BY
Volcano the Bear,Volcano the Bear,0dbb85b2-d0c6-47bf-b7c6-6011df868896,65,65,0,0,0,free-music-archive,free-music-archive,Google;Stability AI,USED_BY
Fields Ohio,Fields Ohio,99daf93f-86d3-4060-877a-c808a370f279,72,72,0,0,0,free-music-archive,free-music-archive,Google;Stability AI,USED_BY
Westy Reflector,Westy Reflector,bc01661b-53f9-496d-88b6-055284b8a92d,61,61,0,0,0,free-music-archive,free-music-archive,Google;Stability AI,USED_BY
P C III,P C III,9d623e3f-60b2-4f2b-a2f4-71b97e0651d9,65,61,0,4,0,free-music-archive;sleeping-disco-9m,free-music-archive,Google;Stability AI,USED_BY
Deadly Combo,Deadly Combo,17695,60,60,0,0,0,free-music-archive,free-music-archive,Google;Stability AI,USED_BY
D3Zs,D3Zs,6b368066-6ddf-4032-a7e6-a050270ed648,60,60,0,0,0,free-music-archive,free-music-archive,Google;Stability AI,USED_BY
Andrew Howes,Andrew Howes,ab16d31b-3f5b-4547-b67f-1f7b3ffd6505,60,60,0,0,0,free-music-archive,free-music-archive,Google;Stability AI,USED_BY
OWL BRAIN ATLAS,OWL BRAIN ATLAS,10567,60,60,0,0,0,free-music-archive,free-music-archive,Google;Stability AI,USED_BY
BADLUCK,BADLUCK,11216,60,60,0,0,0,free-music-archive,free-music-archive,Google;Stability AI,USED_BY
Vir Nocturna,Vir Nocturna,21533,60,60,0,0,0,free-music-archive,free-music-archive,Google;Stability AI,USED_BY
Celesteville,Celesteville,fbe12051-cf4a-40a9-9f13-2203b243bca5,60,59,1,0,0,free-music-archive;laion-disco-12m,free-music-archive,Google;Stability AI,USED_BY
Hazardous Guadalupe,Hazardous Guadalupe,3651,59,59,0,0,0,free-music-archive,free-music-archive,Google;Stability AI,USED_BY
minusbaby,minusbaby,74e7eb10-8e19-4f42-b190-d2e57f89f51d,59,59,0,0,0,free-music-archive,free-music-archive,Google;Stability AI,USED_BY
Candlegravity,Candlegravity,a55ad956-3427-4e3a-b4ef-69cac8dc2ceb,59,59,0,0,0,free-music-archive,free-music-archive,Google;Stability AI,USED_BY
Dyman,Dyman,90c6625b-3649-41c1-817b-b5c2f45458b0,59,59,0,0,0,free-music-archive,free-music-archive,Google;Stability AI,USED_BY
Noise Problems Selections,Noise Problems Selections,13528,59,59,0,0,0,free-music-archive,free-music-archive,Google;Stability AI,USED_BY
Toussaint Morrison,Toussaint Morrison,f2d57e9d-9a2d-4898-b773-f291ff473638,69,59,0,10,0,free-music-archive;sleeping-disco-9m,free-music-archive,Google;Stability AI,USED_BY
HighWay17,HighWay17,b159a5c5-7870-4f37-97a8-e9193b377e1a,59,59,0,0,0,free-music-archive,free-music-archive,Google;Stability AI,USED_BY
The Hate Noise,The Hate Noise,d48d3769-4904-415c-a7b0-ee3f3dabb06a,73,73,0,0,0,free-music-archive,free-music-archive,Google;Stability AI,USED_BY
King Ghidorah!,King Ghidorah!,13050,59,59,0,0,0,free-music-archive,free-music-archive,Google;Stability AI,USED_BY
The Rories,The Rories,10811,58,58,0,0,0,free-music-archive,free-music-archive,Google;Stability AI,USED_BY
Ian Alex Mac,Ian Alex Mac,19283,58,58,0,0,0,free-music-archive,free-music-archive,Google;Stability AI,USED_BY
Electric Mirrors,Electric Mirrors,16270,58,58,0,0,0,free-music-archive,free-music-archive,Google;Stability AI,USED_BY
Eaters,Eaters,8664,58,58,0,0,0,free-music-archive,free-music-archive,Google;Stability AI,USED_BY
Dexter Britain,Dexter Britain,c2a2f396-5d62-4d8a-8395-b4ab9962f1b6,227,58,150,19,0,free-music-archive;laion-disco-12m;sleeping-disco-9m,free-music-archive,Google;Stability AI,USED_BY
Sick to the Back Teeth,Sick to the Back Teeth,0a0b0cc1-283d-4b7a-b179-e22089d57b60,89,69,0,20,0,free-music-archive;sleeping-disco-9m,free-music-archive,Google;Stability AI,USED_BY
Felipe Sarro,Felipe Sarro,40a22c36-3142-4d73-9c58-b8808612172a,58,58,0,0,0,free-music-archive,free-music-archive,Google;Stability AI,USED_BY
Los Llamarada,Los Llamarada,3d1270a4-26e7-436b-9d33-bdf513e33c0e,57,57,0,0,0,free-music-archive,free-music-archive,Google;Stability AI,USED_BY
happiness in aeroplanes,happiness in aeroplanes,11939,57,57,0,0,0,free-music-archive,free-music-archive,Google;Stability AI,USED_BY
Alpha Hydrae,Alpha Hydrae,19816,57,57,0,0,0,free-music-archive,free-music-archive,Google;Stability AI,USED_BY
Little Glass Men,Little Glass Men,19453,57,57,0,0,0,free-music-archive,free-music-archive,Google;Stability AI,USED_BY
Carnivorous Birds,Carnivorous Birds,8490,57,57,0,0,0,free-music-archive,free-music-archive,Google;Stability AI,USED_BY
AlexandreDavidGabriel,AlexandreDavidGabriel,7f66192f-5968-454e-880b-d56395640a1b,57,57,0,0,0,free-music-archive,free-music-archive,Google;Stability AI,USED_BY
Mike Morton,Mike Morton,15460,56,56,0,0,0,free-music-archive,free-music-archive,Google;Stability AI,USED_BY
Eigenheimer,Eigenheimer,4efb2af3-6cc0-4f78-9db4-a6e3b79d49de,58,57,1,0,0,free-music-archive;laion-disco-12m,free-music-archive,Google;Stability AI,USED_BY
AG Davis,AG Davis,d60b2f9c-e9ac-4996-951f-0a5a08a16b9f,55,55,0,0,0,free-music-archive,free-music-archive,Google;Stability AI,USED_BY
Komiku,Komiku,fca800c1-6fc3-4bfb-a5de-8c2398c27bc0,55,55,0,0,0,free-music-archive,free-music-archive,Google;Stability AI,USED_BY
Jimmy Penguin,Jimmy Penguin,f24a7d21-56ce-48e4-978a-a073b3efec10,55,55,0,0,0,free-music-archive,free-music-archive,Google;Stability AI,USED_BY
Bouwakanja,Bouwakanja,ae5a3060-83c0-4877-b71c-95941d6bbdcc,55,55,0,0,0,free-music-archive,free-music-archive,Google;Stability AI,USED_BY
Winjer3,Winjer3,20c19b9c-a8ed-40ea-a007-4f1dcb8465cb,55,55,0,0,0,free-music-archive,free-music-archive,Google;Stability AI,USED_BY
Mors Ontologica,Mors Ontologica,9f13d8fe-d71d-4d28-8192-41bbd004fe0c,54,54,0,0,0,free-music-archive,free-music-archive,Google;Stability AI,USED_BY
So Cow,So Cow,6b8acfaf-9b72-40cb-972b-17e6bc21d3af,54,54,0,0,0,free-music-archive,free-music-archive,Google;Stability AI,USED_BY
The Shamblers,The Shamblers,1212,54,54,0,0,0,free-music-archive,free-music-archive,Google;Stability AI,USED_BY
Volvox,Volvox,2268,54,54,0,0,0,free-music-archive,free-music-archive,Google;Stability AI,USED_BY
Syndrôm,Syndrôm,8126,54,54,0,0,0,free-music-archive,free-music-archive,Google;Stability AI,USED_BY
Jarby Mc Coy,Jarby Mc Coy,19064,54,54,0,0,0,free-music-archive,free-music-archive,Google;Stability AI,USED_BY
Radioactive Sparrow,Radioactive Sparrow,3171,54,54,0,0,0,free-music-archive,free-music-archive,Google;Stability AI,USED_BY
mathgrant,mathgrant,ba3fbcf4-9b93-4b4c-91e5-a0a0e640144b,54,54,0,0,0,free-music-archive,free-music-archive,Google;Stability AI,USED_BY
TRG Banks,TRG Banks,c0d0512c-8612-4f0c-a920-5dab9b1ec886,54,54,0,0,0,free-music-archive,free-music-archive,Google;Stability AI,USED_BY
Phil Reavis,Phil Reavis,5b077ba3-c9e9-4a25-b41e-563c7c39cddb,53,53,0,0,0,free-music-archive,free-music-archive,Google;Stability AI,USED_BY
Happy Elf,Happy Elf,7ca45252-027d-44a9-9dd8-b65773f44ad6,53,53,0,0,0,free-music-archive,free-music-archive,Google;Stability AI,USED_BY
Acreil,Acreil,cb018fe3-6e59-479d-abde-ed30cb2170bd,53,53,0,0,0,free-music-archive,free-music-archive,Google;Stability AI,USED_BY
James Beaudreau,James Beaudreau,41b28afe-e7e4-4e15-ab9f-efa5e1ce9d9f,53,53,0,0,0,free-music-archive,free-music-archive,Google;Stability AI,USED_BY
Visager,Visager,981220b7-6ba1-4814-a5c4-a4e2220025d1,73,53,0,20,0,free-music-archive;sleeping-disco-9m,free-music-archive,Google;Stability AI,USED_BY
Pot-C,Pot-C,e4da335b-1939-42e5-b1e9-8a5e96e786e7,53,53,0,0,0,free-music-archive,free-music-archive,Google;Stability AI,USED_BY
Silver Process,Silver Process,11099,52,52,0,0,0,free-music-archive,free-music-archive,Google;Stability AI,USED_BY
Pandacetamol,Pandacetamol,a8d213f0-870f-4005-a6a7-5d5409880e70,52,52,0,0,0,free-music-archive,free-music-archive,Google;Stability AI,USED_BY
Vladimír Hirsch,Vladimír Hirsch,4a53644e-9122-446e-822d-61ebcdcfdb32,52,52,0,0,0,free-music-archive,free-music-archive,Google;Stability AI,USED_BY
51%,51%,8482,52,52,0,0,0,free-music-archive,free-music-archive,Google;Stability AI,USED_BY
Misiaczek,Misiaczek,e9bf5c9c-c8c6-4a0d-a0e7-be543682b19b,52,52,0,0,0,free-music-archive,free-music-archive,Google;Stability AI,USED_BY
Johnny Haway,Johnny Haway,95ffeaf7-7b27-4239-a8f6-da145dc726f0,52,52,0,0,0,free-music-archive,free-music-archive,Google;Stability AI,USED_BY
Cooper-Moore,Cooper-Moore,99d8b191-7d69-4262-81fb-e24da9fd6640,51,51,0,0,0,free-music-archive,free-music-archive,Google;Stability AI,USED_BY
"Tab (Hip Hop / Trip Hop / Reggae Artist from Roselle, USA)","Tab (Hip Hop / Trip Hop / Reggae Artist from Roselle, USA)",027bfdea-6e7c-4dbb-b877-55cc781732ef,87,51,35,1,0,free-music-archive;laion-disco-12m;sleeping-disco-9m,free-music-archive,Google;Stability AI,USED_BY
Art of Flying,Art of Flying,59f27fc3-f2d6-4e62-a861-505f24e825f9,51,51,0,0,0,free-music-archive,free-music-archive,Google;Stability AI,USED_BY
Sci Fi Industries,Sci Fi Industries,2d2f0046-6112-4193-b791-382285fc29c5,63,63,0,0,0,free-music-archive,free-music-archive,Google;Stability AI,USED_BY
Ant the Symbol,Ant the Symbol,98a5fcde-e095-4945-b917-be79ca899eed,125,125,0,0,0,free-music-archive,free-music-archive,Google;Stability AI,USED_BY
Lately Kind of Yeah,Lately Kind of Yeah,b4f56bd5-a565-4c8b-9b68-6f8eafe11e82,51,51,0,0,0,free-music-archive,free-music-archive,Google;Stability AI,USED_BY
The Gateless Gate,The Gateless Gate,c184f504-127e-45c7-9a65-815034142c2c,51,51,0,0,0,free-music-archive,free-music-archive,Google;Stability AI,USED_BY
Konstantin Trokay,Konstantin Trokay,3d914ab4-d7eb-44b6-bf49-1b19fe332331,51,51,0,0,0,free-music-archive,free-music-archive,Google;Stability AI,USED_BY
Gwilly Edmondez,Gwilly Edmondez,a6a9be78-e035-4211-b06f-4ed1815f12a2,50,50,0,0,0,free-music-archive,free-music-archive,Google;Stability AI,USED_BY
Mystified,Mystified,0c631402-23c8-4ca0-bfd9-de04ad25a50a,56,50,0,6,0,free-music-archive;sleeping-disco-9m,free-music-archive,Google;Stability AI,USED_BY
Pianochocolate,Pianochocolate,2e9db542-5995-448d-8b96-b6bd8d2d1ea0,59,50,9,0,0,free-music-archive;laion-disco-12m,free-music-archive,Google;Stability AI,USED_BY
SLP,SLP,21313,50,50,0,0,0,free-music-archive,free-music-archive,Google;Stability AI,USED_BY
Unheard Music Concepts,Unheard Music Concepts,22407,50,50,0,0,0,free-music-archive,free-music-archive,Google;Stability AI,USED_BY
Flugeldar,Flugeldar,8488,50,50,0,0,0,free-music-archive,free-music-archive,Google;Stability AI,USED_BY
reed blue,reed blue,2844009a-4df7-4d1c-9b7f-389272d388d1,50,50,0,0,0,free-music-archive,free-music-archive,Google;Stability AI,USED_BY
Audio K,Audio K,08118824-c83f-4747-97ab-fedd10ce18e1,50,50,0,0,0,free-music-archive,free-music-archive,Google;Stability AI,USED_BY
The Underscore Orkestra,The Underscore Orkestra,9ae39cac-3bea-4a54-9f69-a95a69718bed,49,49,0,0,0,free-music-archive,free-music-archive,Google;Stability AI,USED_BY
Simon Panrucker,Simon Panrucker,62d8043c-b7a1-4afe-8e2d-69f40c0f7912,64,49,0,15,0,free-music-archive;sleeping-disco-9m,free-music-archive,Google;Stability AI,USED_BY
Decktonic,Decktonic,22e26960-06f5-42da-aa1b-ddc4464a2c22,49,49,0,0,0,free-music-archive,free-music-archive,Google;Stability AI,USED_BY
Fork in the Blender,Fork in the Blender,f851b281-c860-4f6c-9658-70c95e3fc52a,49,49,0,0,0,free-music-archive,free-music-archive,Google;Stability AI,USED_BY
deef,deef,14552,49,49,0,0,0,free-music-archive,free-music-archive,Google;Stability AI,USED_BY
etc.,etc.,13518,49,49,0,0,0,free-music-archive,free-music-archive,Google;Stability AI,USED_BY
Plushgoolash,Plushgoolash,7949,49,49,0,0,0,free-music-archive,free-music-archive,Google;Stability AI,USED_BY
Pilesar,Pilesar,ea297641-761a-4c7f-b3fd-91ae4d1a1225,49,49,0,0,0,free-music-archive,free-music-archive,Google;Stability AI,USED_BY
Attic Ted,Attic Ted,5baf0d42-6c3f-4ac4-8eba-df82ffd37206,49,49,0,0,0,free-music-archive,free-music-archive,Google;Stability AI,USED_BY
Custodian of Records,Custodian of Records,706106d5-02fa-4e57-b324-1a2daac2e7e2,48,48,0,0,0,free-music-archive,free-music-archive,Google;Stability AI,USED_BY
Fierbinteanu,Fierbinteanu,0853336b-ca98-4d82-b81e-f01b82ce9549,48,48,0,0,0,free-music-archive,free-music-archive,Google;Stability AI,USED_BY
Automating,Automating,9e14408f-db0a-444f-a53e-314453d49705,48,48,0,0,0,free-music-archive,free-music-archive,Google;Stability AI,USED_BY
Digi G'Alessio,Digi G'Alessio,5935238b-3b2b-47ce-b272-42a9fe92d22f,49,48,0,1,0,free-music-archive;sleeping-disco-9m,free-music-archive,Google;Stability AI,USED_BY
D SMILEZ,D SMILEZ,22007,48,48,0,0,0,free-music-archive,free-music-archive,Google;Stability AI,USED_BY
Martin Rach,Martin Rach,8f04212e-afcc-45f2-b5f2-aea7f629ab6c,48,48,0,0,0,free-music-archive,free-music-archive,Google;Stability AI,USED_BY
Delphine Dora,Delphine Dora,bbe1cb66-a285-4d86-ab15-4d5c2a8d14ce,49,47,1,1,0,free-music-archive;laion-disco-12m;sleeping-disco-9m,free-music-archive,Google;Stability AI,USED_BY
Chuck Bettis,Chuck Bettis,cf315e43-b07f-4ceb-a722-d2e9a7565cf9,47,47,0,0,0,free-music-archive,free-music-archive,Google;Stability AI,USED_BY
Brunk,Brunk,99695950-b5a1-464e-bc13-748630171627,69,69,0,0,0,free-music-archive,free-music-archive,Google;Stability AI,USED_BY
People Skills,People Skills,9de0102f-7820-4e99-9170-c322acefadef,47,47,0,0,0,free-music-archive,free-music-archive,Google;Stability AI,USED_BY
SULCUS,SULCUS,19815,47,47,0,0,0,free-music-archive,free-music-archive,Google;Stability AI,USED_BY
Alexandre Navarro,Alexandre Navarro,a11e0acf-3116-48ca-9f44-598a7ebbf36c,47,47,0,0,0,free-music-archive,free-music-archive,Google;Stability AI,USED_BY
GaBLé,GaBLé,1e72fe9d-20d4-4718-8435-c17fcde53118,47,47,0,0,0,free-music-archive,free-music-archive,Google;Stability AI,USED_BY
Elemental Noise,Elemental Noise,33544388-a6da-4f24-9f6c-adc1d8f996ff,47,47,0,0,0,free-music-archive,free-music-archive,Google;Stability AI,USED_BY
LOWdown,LOWdown,13450,47,47,0,0,0,free-music-archive,free-music-archive,Google;Stability AI,USED_BY
Doctor Turtle,Doctor Turtle,f24d6d2b-fa75-4ffa-8986-ca3dac6ad68f,47,47,0,0,0,free-music-archive,free-music-archive,Google;Stability AI,USED_BY
The Crypts!,The Crypts!,c3c2f774-ef97-4ccd-a70d-12c2ef0b8e48,47,47,0,0,0,free-music-archive,free-music-archive,Google;Stability AI,USED_BY
keith helt,keith helt,e2de1b25-5648-4e84-b1d5-170acec3acc2,47,47,0,0,0,free-music-archive,free-music-archive,Google;Stability AI,USED_BY
Ayla Nereo,Ayla Nereo,c95b3474-8788-4bd3-ada6-33849810af0d,222,49,141,32,0,free-music-archive;laion-disco-12m;sleeping-disco-9m,free-music-archive,Google;Stability AI,USED_BY
Ed Askew,Ed Askew,91a11b60-2452-4e4d-b2e9-ce9eba034c01,52,46,1,5,0,free-music-archive;laion-disco-12m;sleeping-disco-9m,free-music-archive,Google;Stability AI,USED_BY
Dadalú,Dadalú,cb644e68-9c1e-4f9d-aee7-8c8d3cb9b36b,48,46,2,0,0,free-music-archive;laion-disco-12m,free-music-archive,Google;Stability AI,USED_BY
Rolemusic,Rolemusic,41bc38ad-beb4-420c-b3f7-bd4241596d44,46,46,0,0,0,free-music-archive,free-music-archive,Google;Stability AI,USED_BY
McCloud Zicmuse,McCloud Zicmuse,fc90363a-e39e-4ff3-803e-0ec989bfeead,46,46,0,0,0,free-music-archive,free-music-archive,Google;Stability AI,USED_BY
Amitron_7,Amitron_7,e90118d8-0a2b-48f7-a544-44246c6dba61,46,46,0,0,0,free-music-archive,free-music-archive,Google;Stability AI,USED_BY
No Monster Club,No Monster Club,4886cf1b-3824-4ed5-a535-1907cf7a9044,46,46,0,0,0,free-music-archive,free-music-archive,Google;Stability AI,USED_BY
Vialka,Vialka,1f6240e4-6df2-4f29-a1df-88baab0bdc3d,46,46,0,0,0,free-music-archive,free-music-archive,Google;Stability AI,USED_BY
Cryosyncopy,Cryosyncopy,3a3e71d4-2f61-42ba-97dc-32b3ab7b77a8,46,46,0,0,0,free-music-archive,free-music-archive,Google;Stability AI,USED_BY
Jesse Spillane,Jesse Spillane,7ef8a5bc-b977-49dd-a2cf-c0f939790db1,46,46,0,0,0,free-music-archive,free-music-archive,Google;Stability AI,USED_BY
Gumbel,Gumbel,31eeef66-819c-41f4-be45-8fbfe954e571,46,46,0,0,0,free-music-archive,free-music-archive,Google;Stability AI,USED_BY
Cave Bears,Cave Bears,a388303e-5457-4174-86af-e2267c6b8e06,46,46,0,0,0,free-music-archive,free-music-archive,Google;Stability AI,USED_BY
Mikroben Krieg,Mikroben Krieg,b61e1974-79ba-4075-8e46-baff9f4801ce,45,45,0,0,0,free-music-archive,free-music-archive,Google;Stability AI,USED_BY
Wildlight,Wildlight,03744cdd-54df-428c-944e-e91e843a53b2,112,45,67,0,0,free-music-archive;laion-disco-12m,free-music-archive,Google;Stability AI,USED_BY
Prana-Bindu,Prana-Bindu,11624,51,51,0,0,0,free-music-archive,free-music-archive,Google;Stability AI,USED_BY
Sergey Cheremisinov,Sergey Cheremisinov,203f59b0-d89f-4fff-8f7e-2b0fbba570e4,51,45,0,6,0,free-music-archive;sleeping-disco-9m,free-music-archive,Google;Stability AI,USED_BY
Arcane Waves,Arcane Waves,f0208795-f1d6-4146-82dc-115686e8e9b3,45,45,0,0,0,free-music-archive,free-music-archive,Google;Stability AI,USED_BY
Expwy,Expwy,13385,45,45,0,0,0,free-music-archive,free-music-archive,Google;Stability AI,USED_BY
Natural Snow Buildings,Natural Snow Buildings,8f48ecc4-0813-4edf-ba67-818f47e7e752,92,45,24,23,0,free-music-archive;laion-disco-12m;sleeping-disco-9m,free-music-archive,Google;Stability AI,USED_BY
Italian Dub Community,Italian Dub Community,7267,45,45,0,0,0,free-music-archive,free-music-archive,Google;Stability AI,USED_BY
Ophir Ilzetzki,Ophir Ilzetzki,2293,44,44,0,0,0,free-music-archive,free-music-archive,Google;Stability AI,USED_BY
Filipe Guimarães,Filipe Guimarães,346be7d4-bc13-44de-8c11-a71a211ef578,71,44,27,0,0,free-music-archive;laion-disco-12m,free-music-archive,Google;Stability AI,USED_BY
Yale Women's Slavic Chorus,Yale Women's Slavic Chorus,6345,44,44,0,0,0,free-music-archive,free-music-archive,Google;Stability AI,USED_BY
RoccoW,RoccoW,ccbd6b48-ff81-41f1-a0aa-1a669c2c1633,45,44,1,0,0,free-music-archive;laion-disco-12m,free-music-archive,Google;Stability AI,USED_BY
Jonas,Jonas,15984,45,44,1,0,0,free-music-archive;laion-disco-12m,free-music-archive,Google;Stability AI,USED_BY
Colin Langenus,Colin Langenus,c753a01d-02c0-4b83-b5de-591e273fe8a8,44,44,0,0,0,free-music-archive,free-music-archive,Google;Stability AI,USED_BY
Psychadelik Pedestrian,Psychadelik Pedestrian,bc92271d-fc14-4afe-9d14-c382e02071a7,44,44,0,0,0,free-music-archive,free-music-archive,Google;Stability AI,USED_BY
The Peach Tree,The Peach Tree,fd6e9cb5-47ca-4e69-8456-ce697142bb6c,44,44,0,0,0,free-music-archive,free-music-archive,Google;Stability AI,USED_BY
Seclorance,Seclorance,ff0016ce-07fa-4a3a-9c2e-9bc34d317297,44,44,0,0,0,free-music-archive,free-music-archive,Google;Stability AI,USED_BY
6majik9,6majik9,16e6e894-1442-4555-ae49-882aede5ca7b,44,44,0,0,0,free-music-archive,free-music-archive,Google;Stability AI,USED_BY
Nautical Almanac,Nautical Almanac,94a43456-17d1-4812-91bb-b554951736e0,43,43,0,0,0,free-music-archive,free-music-archive,Google;Stability AI,USED_BY
Kraus,Kraus,4925,43,43,0,0,0,free-music-archive,free-music-archive,Google;Stability AI,USED_BY
Diogenes In Hell,Diogenes In Hell,18543,43,43,0,0,0,free-music-archive,free-music-archive,Google;Stability AI,USED_BY
Allister Thompson,Allister Thompson,4f904bbb-8c47-46bd-b5b0-bdc39e8d8d75,49,43,6,0,0,free-music-archive;laion-disco-12m,free-music-archive,Google;Stability AI,USED_BY
Pipe Choir,Pipe Choir,0a393c1e-abc3-4c93-a805-4709a131a1e7,45,43,0,2,0,free-music-archive;sleeping-disco-9m,free-music-archive,Google;Stability AI,USED_BY
The Basic Income Earth Network,The Basic Income Earth Network,9135,43,43,0,0,0,free-music-archive,free-music-archive,Google;Stability AI,USED_BY
Nihilore,Nihilore,ce2e3136-be6f-4a5a-8df3-2cb212983709,43,43,0,0,0,free-music-archive,free-music-archive,Google;Stability AI,USED_BY
Fleslit,Fleslit,23208,43,43,0,0,0,free-music-archive,free-music-archive,Google;Stability AI,USED_BY
EAT!,EAT!,2123,42,42,0,0,0,free-music-archive,free-music-archive,Google;Stability AI,USED_BY
Chamomile,Chamomile,2120,42,42,0,0,0,free-music-archive,free-music-archive,Google;Stability AI,USED_BY
element orchestra,element orchestra,13547,42,42,0,0,0,free-music-archive,free-music-archive,Google;Stability AI,USED_BY
Brian Dewan,Brian Dewan,ed524c39-c9ca-4028-9212-b4095d0c77b0,60,42,0,18,0,free-music-archive;sleeping-disco-9m,free-music-archive,Google;Stability AI,USED_BY
Rumbus Merrylegs,Rumbus Merrylegs,dff4133d-dd23-4e5a-a029-025d778be2c5,42,42,0,0,0,free-music-archive,free-music-archive,Google;Stability AI,USED_BY
Lame Drivers,Lame Drivers,7383b8ae-a7c6-4901-9b2a-5513deb2c7de,41,41,0,0,0,free-music-archive,free-music-archive,Google;Stability AI,USED_BY
Nicky Andrews,Nicky Andrews,224,41,41,0,0,0,free-music-archive,free-music-archive,Google;Stability AI,USED_BY
Goto80,Goto80,0f26281f-3add-4e54-b7da-4d335c0ca19c,62,41,0,21,0,free-music-archive;sleeping-disco-9m,free-music-archive,Google;Stability AI,USED_BY
Miquel Parera,Miquel Parera,53feee64-79ed-4504-abbb-047fe32e1f17,57,41,0,16,0,free-music-archive;sleeping-disco-9m,free-music-archive,Google;Stability AI,USED_BY
The Rope River Blues Band,The Rope River Blues Band,8407,41,41,0,0,0,free-music-archive,free-music-archive,Google;Stability AI,USED_BY
Bureaucrat & The Conspirators,Bureaucrat & The Conspirators,11219,41,41,0,0,0,free-music-archive,free-music-archive,Google;Stability AI,USED_BY
NIGHT VIKING,NIGHT VIKING,ca6766ea-9c3f-422c-9677-26db0d8fc2e4,42,42,0,0,0,free-music-archive,free-music-archive,Google;Stability AI,USED_BY
suRRism,suRRism,83cf8f43-ff79-4126-921f-f75b9392e0c3,41,41,0,0,0,free-music-archive,free-music-archive,Google;Stability AI,USED_BY
Qkcofse,Qkcofse,91625462-0c61-4aed-8236-2dee11a2ffaf,41,41,0,0,0,free-music-archive,free-music-archive,Google;Stability AI,USED_BY
Bad Ronald,Bad Ronald,20584,41,41,0,0,0,free-music-archive,free-music-archive,Google;Stability AI,USED_BY
Silence is Sexy,Silence is Sexy,f2578f3c-5994-4e93-8d75-db9dcc5b29f0,68,59,0,9,0,free-music-archive;sleeping-disco-9m,free-music-archive,Google;Stability AI,USED_BY
The Custodian of Records,The Custodian of Records,9224,41,41,0,0,0,free-music-archive,free-music-archive,Google;Stability AI,USED_BY
Manuel J Grotesk,Manuel J Grotesk,8728,41,41,0,0,0,free-music-archive,free-music-archive,Google;Stability AI,USED_BY
Floating Spirits,Floating Spirits,0d2bfe0c-20d4-4cfa-b60e-1f5e049922d5,41,41,0,0,0,free-music-archive,free-music-archive,Google;Stability AI,USED_BY
Oelek,Oelek,21061,41,41,0,0,0,free-music-archive,free-music-archive,Google;Stability AI,USED_BY
Laszlo Harsanyi,Laszlo Harsanyi,21526,41,41,0,0,0,free-music-archive,free-music-archive,Google;Stability AI,USED_BY
Josh Armistead,Josh Armistead,4d998be0-5b27-43c0-8826-cb82241683e9,41,41,0,0,0,free-music-archive,free-music-archive,Google;Stability AI,USED_BY
Vernon Lenoir,Vernon Lenoir,77d7005e-edc9-4a34-8040-8d9491088f4b,107,107,0,0,0,free-music-archive,free-music-archive,Google;Stability AI,USED_BY
MUTWAWA,MUTWAWA,7729,40,40,0,0,0,free-music-archive,free-music-archive,Google;Stability AI,USED_BY
Folk Festival Massacre,Folk Festival Massacre,12912,40,40,0,0,0,free-music-archive,free-music-archive,Google;Stability AI,USED_BY
Mons Jacet,Mons Jacet,15782,40,40,0,0,0,free-music-archive,free-music-archive,Google;Stability AI,USED_BY
4mat,4mat,f5af8ea3-1c87-41d5-9934-2a744de6c41a,40,40,0,0,0,free-music-archive,free-music-archive,Google;Stability AI,USED_BY
Mastermind XS,Mastermind XS,1f6e3695-ea3a-4d89-9f7a-a74cab95b6ed,40,40,0,0,0,free-music-archive,free-music-archive,Google;Stability AI,USED_BY
e.p,e.p,13519,40,40,0,0,0,free-music-archive,free-music-archive,Google;Stability AI,USED_BY
смерть в летнюю полночь,смерть в летнюю полночь,af86b061-03ec-4e16-b06e-8e90ce161a20,40,40,0,0,0,free-music-archive,free-music-archive,Google;Stability AI,USED_BY
transient,transient,3717,40,40,0,0,0,free-music-archive,free-music-archive,Google;Stability AI,USED_BY
Undress Beton,Undress Beton,ebfe92d8-32be-42a4-8d1e-a0ff5da4c0cb,69,69,0,0,0,free-music-archive,free-music-archive,Google;Stability AI,USED_BY
Baker & Able,Baker & Able,8478,40,40,0,0,0,free-music-archive,free-music-archive,Google;Stability AI,USED_BY
LE CHEVALIER DE RINCHY,LE CHEVALIER DE RINCHY,efc13270-6468-4398-baa7-4218c831173e,40,40,0,0,0,free-music-archive,free-music-archive,Google;Stability AI,USED_BY
Olneyville Sound System,Olneyville Sound System,d94d34d3-f01b-4fa3-8722-b555ad0adce0,39,39,0,0,0,free-music-archive,free-music-archive,Google;Stability AI,USED_BY
Kitty Kadoogal,Kitty Kadoogal,2214,39,39,0,0,0,free-music-archive,free-music-archive,Google;Stability AI,USED_BY
Blue Sabbath Black Fiji,Blue Sabbath Black Fiji,5625d97f-6c20-48e0-857f-2af472b907c7,39,39,0,0,0,free-music-archive,free-music-archive,Google;Stability AI,USED_BY
Malaventura,Malaventura,5673,39,39,0,0,0,free-music-archive,free-music-archive,Google;Stability AI,USED_BY
DJ Def Chad,DJ Def Chad,18156,39,39,0,0,0,free-music-archive,free-music-archive,Google;Stability AI,USED_BY
Pk jazz Collective,Pk jazz Collective,8f8db5c9-8887-4922-af35-4b6bbe0ccfc4,120,120,0,0,0,free-music-archive,free-music-archive,Google;Stability AI,USED_BY
Uncle Milk,Uncle Milk,18587,39,39,0,0,0,free-music-archive,free-music-archive,Google;Stability AI,USED_BY
Jukka-Pekka Kervinen,Jukka-Pekka Kervinen,e247d036-a8d2-4e84-8b35-245d4a59b917,41,41,0,0,0,free-music-archive,free-music-archive,Google;Stability AI,USED_BY
Josh Spacek,Josh Spacek,20108,39,39,0,0,0,free-music-archive,free-music-archive,Google;Stability AI,USED_BY
Eaters,Eaters,51770183-c976-4ac7-b267-f87455950f00,39,39,0,0,0,free-music-archive,free-music-archive,Google;Stability AI,USED_BY
alright lover,alright lover,8376,39,39,0,0,0,free-music-archive,free-music-archive,Google;Stability AI,USED_BY
Manueljgrotesque,Manueljgrotesque,7272,39,39,0,0,0,free-music-archive,free-music-archive,Google;Stability AI,USED_BY
State Shirt,State Shirt,6e7959d5-cc38-4bfe-bb92-0801e1e9192a,59,39,0,20,0,free-music-archive;sleeping-disco-9m,free-music-archive,Google;Stability AI,USED_BY
Talkshow Boy,Talkshow Boy,e8d94cf5-fafa-48fc-a6fa-aa50cf54d7f3,68,39,0,29,0,free-music-archive;sleeping-disco-9m,free-music-archive,Google;Stability AI,USED_BY
We Is Shore Dedicated,We Is Shore Dedicated,137e5f26-cce7-42da-af6f-0d580b20e810,41,39,0,2,0,free-music-archive;sleeping-disco-9m,free-music-archive,Google;Stability AI,USED_BY
Regenerated Headpiece,Regenerated Headpiece,b1f573e3-cc5a-4fcb-b6b7-a63fe7750e21,39,39,0,0,0,free-music-archive,free-music-archive,Google;Stability AI,USED_BY
Les Baudouins Morts,Les Baudouins Morts,d047f4ba-e541-45de-8d10-1b8661774bfb,39,39,0,0,0,free-music-archive,free-music-archive,Google;Stability AI,USED_BY
Dan Deacon,Dan Deacon,8dd73d1a-0424-4581-af8c-ade3edb44c5a,228,38,148,42,0,free-music-archive;laion-disco-12m;sleeping-disco-9m,free-music-archive,Google;Stability AI,USED_BY
Matt Sekel,Matt Sekel,c700f508-662b-4844-8a7f-4b6dfc25fbea,38,38,0,0,0,free-music-archive,free-music-archive,Google;Stability AI,USED_BY
transient,transient,4cb5b170-07f9-4428-bdfa-7b74a2122553,38,38,0,0,0,free-music-archive,free-music-archive,Google;Stability AI,USED_BY
Ant The Symbol,Ant The Symbol,98a5fcde-e095-4945-b917-be79ca899eed,125,125,0,0,0,free-music-archive,free-music-archive,Google;Stability AI,USED_BY
Janne Nummela,Janne Nummela,598c1380-7840-453b-b588-9bc25f42a92a,38,38,0,0,0,free-music-archive,free-music-archive,Google;Stability AI,USED_BY
De Dubbelrieters,De Dubbelrieters,19029,38,38,0,0,0,free-music-archive,free-music-archive,Google;Stability AI,USED_BY
Pee-Bug,Pee-Bug,37b60505-e453-4f27-a589-bdbc3f683c71,38,38,0,0,0,free-music-archive,free-music-archive,Google;Stability AI,USED_BY
Remus,Remus,6240,38,38,0,0,0,free-music-archive,free-music-archive,Google;Stability AI,USED_BY
Edward Shallow,Edward Shallow,fcb1ef3a-381e-4316-8f71-7445b0270acb,38,38,0,0,0,free-music-archive,free-music-archive,Google;Stability AI,USED_BY
Lloyd Rodgers,Lloyd Rodgers,83f357c0-2e1f-4f1d-a674-d3246f364f77,38,38,0,0,0,free-music-archive,free-music-archive,Google;Stability AI,USED_BY
lost-radio,lost-radio,e34fd2e6-b453-488a-8a8f-e27eb30ffcd2,38,38,0,0,0,free-music-archive,free-music-archive,Google;Stability AI,USED_BY
Analog - Brain,Analog - Brain,23486,38,38,0,0,0,free-music-archive,free-music-archive,Google;Stability AI,USED_BY
KenLo Craqnuques,KenLo Craqnuques,5a962bd1-d271-40b2-91a3-8eb4314845d5,50,38,0,12,0,free-music-archive;sleeping-disco-9m,free-music-archive,Google;Stability AI,USED_BY
Jimmy Cousins,Jimmy Cousins,91591c53-568f-46d7-a870-e304c71168ea,38,38,0,0,0,free-music-archive,free-music-archive,Google;Stability AI,USED_BY
Hammer of Hathor,Hammer of Hathor,9c52f26f-aee8-4309-a171-3b4fc2e991d4,38,38,0,0,0,free-music-archive,free-music-archive,Google;Stability AI,USED_BY
Jan Grünfeld,Jan Grünfeld,97c2d57f-0279-46f9-a42f-2e9809327d37,37,37,0,0,0,free-music-archive,free-music-archive,Google;Stability AI,USED_BY
The Tleilaxu Music Machine,The Tleilaxu Music Machine,b39bca37-799f-4c50-b242-fd94e9b2e1e9,37,37,0,0,0,free-music-archive,free-music-archive,Google;Stability AI,USED_BY
"Roy ""Chicky"" Arad","Roy ""Chicky"" Arad",e0c0ec28-6be0-49d1-93e9-8a3294cdc6f4,37,37,0,0,0,free-music-archive,free-music-archive,Google;Stability AI,USED_BY
The Kazoo Funk Orchestra,The Kazoo Funk Orchestra,9872d888-c344-4b05-b75e-2ab25807e8c3,37,37,0,0,0,free-music-archive,free-music-archive,Google;Stability AI,USED_BY
uiutna,uiutna,fe9fb693-a70a-427e-83a5-18f0b7072227,38,38,0,0,0,free-music-archive,free-music-archive,Google;Stability AI,USED_BY
Wurlitztraction,Wurlitztraction,ecf98a36-89e0-4e3d-b75b-fa4186511da0,37,37,0,0,0,free-music-archive,free-music-archive,Google;Stability AI,USED_BY
Nils Feske,Nils Feske,ef858200-8361-4b51-98c2-75023e5732ea,37,37,0,0,0,free-music-archive,free-music-archive,Google;Stability AI,USED_BY
Delta Is,Delta Is,169e2f85-6916-4a77-8435-a12467051ebf,37,37,0,0,0,free-music-archive,free-music-archive,Google;Stability AI,USED_BY
dadala,dadala,bb3dcb4c-0b1c-47e3-9fcf-d0b4f859673a,37,37,0,0,0,free-music-archive,free-music-archive,Google;Stability AI,USED_BY
Saito Koji,Saito Koji,6d08d2e3-a43d-4472-aa83-e8fbb11c63b9,37,37,0,0,0,free-music-archive,free-music-archive,Google;Stability AI,USED_BY
Spuntic,Spuntic,866533ba-3cf2-463e-b5af-3747d1666a62,75,37,0,10,28,free-music-archive;sleeping-disco-9m;spotify-tracks-dataset,free-music-archive,Google;Stability AI,USED_BY
lo-fi is sci-fi,lo-fi is sci-fi,a2b4f0dd-a748-47a6-94d4-4195d560a83a,57,37,0,20,0,free-music-archive;sleeping-disco-9m,free-music-archive,Google;Stability AI,USED_BY
Jonas the Plugexpert,Jonas the Plugexpert,1b53f964-9638-486d-8f6f-5a632d27e40f,38,38,0,0,0,free-music-archive,free-music-archive,Google;Stability AI,USED_BY
Better Psychics,Better Psychics,c1f9ec2b-9e06-4c63-9f06-9365c7596c73,37,37,0,0,0,free-music-archive,free-music-archive,Google;Stability AI,USED_BY
Dyslexic Fudgicle,Dyslexic Fudgicle,222e1e6c-e809-454e-a131-d017e4f2c304,37,37,0,0,0,free-music-archive,free-music-archive,Google;Stability AI,USED_BY
D'r Sjaak,D'r Sjaak,bbdddb61-4f98-47b6-8ae8-0bd3d197a015,36,36,0,0,0,free-music-archive,free-music-archive,Google;Stability AI,USED_BY
Just Plain Ant,Just Plain Ant,98a5fcde-e095-4945-b917-be79ca899eed,125,125,0,0,0,free-music-archive,free-music-archive,Google;Stability AI,USED_BY
Bird Names,Bird Names,0bef8511-5471-4121-aa69-ca9573b03b65,36,36,0,0,0,free-music-archive,free-music-archive,Google;Stability AI,USED_BY
Toxic Lipstick,Toxic Lipstick,828e7479-0322-4254-8404-92ba0070f6bb,58,36,0,22,0,free-music-archive;sleeping-disco-9m,free-music-archive,Google;Stability AI,USED_BY
Nic Bommarito,Nic Bommarito,4072fec7-330e-48a2-8769-88fb567b9669,36,36,0,0,0,free-music-archive,free-music-archive,Google;Stability AI,USED_BY
Sandro Marinoni,Sandro Marinoni,b9a4a227-58fb-4448-8c97-39259d9e77fa,36,36,0,0,0,free-music-archive,free-music-archive,Google;Stability AI,USED_BY
Volfoniq,Volfoniq,c023bb34-48b0-4160-ae14-fc578bcde5b2,36,36,0,0,0,free-music-archive,free-music-archive,Google;Stability AI,USED_BY
Arrington de Dionyso,Arrington de Dionyso,5b06874a-7b24-4298-b63f-cabf1b9f476d,43,36,0,7,0,free-music-archive;sleeping-disco-9m,free-music-archive,Google;Stability AI,USED_BY
Velibor Nikolić,Velibor Nikolić,1d519ee3-ef89-42ed-8aae-e21d2736df6c,38,38,0,0,0,free-music-archive,free-music-archive,Google;Stability AI,USED_BY
Tardiss,Tardiss,15861,36,36,0,0,0,free-music-archive,free-music-archive,Google;Stability AI,USED_BY
Kelly Latimore,Kelly Latimore,b1c100b7-3950-4cc1-b15b-27d5e445a19c,36,36,0,0,0,free-music-archive,free-music-archive,Google;Stability AI,USED_BY
Uton,Uton,9264,36,36,0,0,0,free-music-archive,free-music-archive,Google;Stability AI,USED_BY
Unthunk,Unthunk,16993,36,36,0,0,0,free-music-archive,free-music-archive,Google;Stability AI,USED_BY
Cassette Tape Bandits,Cassette Tape Bandits,20156,36,36,0,0,0,free-music-archive,free-music-archive,Google;Stability AI,USED_BY
Pinklogik,Pinklogik,f4130379-1d7b-4c9e-b514-68074634ce04,36,36,0,0,0,free-music-archive,free-music-archive,Google;Stability AI,USED_BY
Sexton Ming,Sexton Ming,5e449151-a3bb-46a5-aa25-81675ca0c036,36,36,0,0,0,free-music-archive,free-music-archive,Google;Stability AI,USED_BY
Dlay,Dlay,21743,36,36,0,0,0,free-music-archive,free-music-archive,Google;Stability AI,USED_BY
M.Nomized,M.Nomized,a02b7f6e-2a14-42e2-875d-ed960fd9b349,36,36,0,0,0,free-music-archive,free-music-archive,Google;Stability AI,USED_BY
Miquel Parera & Computer,Miquel Parera & Computer,22381,36,36,0,0,0,free-music-archive,free-music-archive,Google;Stability AI,USED_BY
Yshwa,Yshwa,22568,35,35,0,0,0,free-music-archive,free-music-archive,Google;Stability AI,USED_BY
Shearer,Shearer,1efdbcbd-1964-4d6f-bdc9-1ec03da23919,35,35,0,0,0,free-music-archive,free-music-archive,Google;Stability AI,USED_BY
Technology of Silence,Technology of Silence,689cdf11-56a2-48da-92be-10d4e72d0ce0,35,35,0,0,0,free-music-archive,free-music-archive,Google;Stability AI,USED_BY
Ljudske Potrebe,Ljudske Potrebe,11423,35,35,0,0,0,free-music-archive,free-music-archive,Google;Stability AI,USED_BY
Marrach,Marrach,de31807e-a303-4e6a-8871-7ae98ab1699c,35,35,0,0,0,free-music-archive,free-music-archive,Google;Stability AI,USED_BY
Breakmaster Cylinder,Breakmaster Cylinder,c5e68ebc-5e50-473a-a982-d56642d20141,41,35,0,6,0,free-music-archive;sleeping-disco-9m,free-music-archive,Google;Stability AI,USED_BY
Christoph Schindling,Christoph Schindling,42239038-39e2-4994-8ca3-b16a4ab69899,35,35,0,0,0,free-music-archive,free-music-archive,Google;Stability AI,USED_BY
Rho,Rho,7125,35,35,0,0,0,free-music-archive,free-music-archive,Google;Stability AI,USED_BY
We Are All Alone,We Are All Alone,16077,35,35,0,0,0,free-music-archive,free-music-archive,Google;Stability AI,USED_BY
Monroeville Music Center,Monroeville Music Center,b0c056d1-1a3b-4932-b580-08464e820239,38,35,1,2,0,free-music-archive;laion-disco-12m;sleeping-disco-9m,free-music-archive,Google;Stability AI,USED_BY
Viraeson,Viraeson,10991,35,35,0,0,0,free-music-archive,free-music-archive,Google;Stability AI,USED_BY
The Easton Ellises,The Easton Ellises,9d28cb91-4ed4-4dca-b310-4a195657bca6,35,35,0,0,0,free-music-archive,free-music-archive,Google;Stability AI,USED_BY
et_,et_,664433e0-794d-4d17-99fd-aadc92c4b45e,35,35,0,0,0,free-music-archive,free-music-archive,Google;Stability AI,USED_BY
Tortue Super Sonic,Tortue Super Sonic,7538,35,35,0,0,0,free-music-archive,free-music-archive,Google;Stability AI,USED_BY
Daniel James Dolby,Daniel James Dolby,22319,35,35,0,0,0,free-music-archive,free-music-archive,Google;Stability AI,USED_BY
Spencer Owen,Spencer Owen,8a140774-dbfa-439f-a72e-3f58f62cf4e6,35,35,0,0,0,free-music-archive,free-music-archive,Google;Stability AI,USED_BY
AlienAqtor,AlienAqtor,d74d9f82-f5de-4345-b19c-bea467ba6414,35,35,0,0,0,free-music-archive,free-music-archive,Google;Stability AI,USED_BY
Flanicx,Flanicx,636c8a70-546c-48f5-a259-b94751071dee,35,35,0,0,0,free-music-archive,free-music-archive,Google;Stability AI,USED_BY
File Under Toner,File Under Toner,9279,35,35,0,0,0,free-music-archive,free-music-archive,Google;Stability AI,USED_BY
Uton,Uton,d10af145-7811-4bd1-a5ee-908db3f19444,35,35,0,0,0,free-music-archive,free-music-archive,Google;Stability AI,USED_BY
Running Point,Running Point,c9035471-b6cc-4402-9d5a-66d1fa9d9ef0,35,35,0,0,0,free-music-archive,free-music-archive,Google;Stability AI,USED_BY
Mar-Tie,Mar-Tie,43bcd6e7-8446-4eeb-ab5a-61f79fbf3bd3,38,38,0,0,0,free-music-archive,free-music-archive,Google;Stability AI,USED_BY
Manuel J Grotesque,Manuel J Grotesque,68c07259-1f8f-4ca6-9888-050935fdeafc,44,44,0,0,0,free-music-archive,free-music-archive,Google;Stability AI,USED_BY
Reigning Sound,Reigning Sound,fd15c842-515a-4157-8c37-2b54c86390bc,55,34,0,21,0,free-music-archive;sleeping-disco-9m,free-music-archive,Google;Stability AI,USED_BY
6th Sense,6th Sense,3089,34,34,0,0,0,free-music-archive,free-music-archive,Google;Stability AI,USED_BY
Downliners Sekt,Downliners Sekt,2187aec5-7ec7-4744-b153-3e2ea3b1b5bd,34,34,0,0,0,free-music-archive,free-music-archive,Google;Stability AI,USED_BY
Revolution Void,Revolution Void,8acc0285-4f6b-4877-8fc9-8e0cfab5397a,34,34,0,0,0,free-music-archive,free-music-archive,Google;Stability AI,USED_BY
BitBasic,BitBasic,c39b2cb4-6d41-4084-8712-e3024fba5474,35,35,0,0,0,free-music-archive,free-music-archive,Google;Stability AI,USED_BY
Eric & Magill,Eric & Magill,626af8aa-e792-4d0c-b467-4d201838f9b0,34,34,0,0,0,free-music-archive,free-music-archive,Google;Stability AI,USED_BY
Third Mind Movement,Third Mind Movement,d4d26856-8ec6-4aca-bf7d-7af80ba20fc4,34,34,0,0,0,free-music-archive,free-music-archive,Google;Stability AI,USED_BY
Turku,Turku,f96197f7-f9f0-45e6-b620-c2e44c994575,34,34,0,0,0,free-music-archive,free-music-archive,Google;Stability AI,USED_BY
Coin Locker Kid,Coin Locker Kid,23678030-ffc5-4490-b636-2cb59da9ad83,60,34,0,26,0,free-music-archive;sleeping-disco-9m,free-music-archive,Google;Stability AI,USED_BY
Breatherholes,Breatherholes,8d641e3d-9a61-437b-ac3f-9e2092672d95,34,34,0,0,0,free-music-archive,free-music-archive,Google;Stability AI,USED_BY
Dazie Mae,Dazie Mae,ef667836-bdd8-463d-9e34-c2fc4e49909e,34,34,0,0,0,free-music-archive,free-music-archive,Google;Stability AI,USED_BY
Jonah Rapino,Jonah Rapino,ea284133-9864-4923-9d49-c22ef97ec8e1,34,34,0,0,0,free-music-archive,free-music-archive,Google;Stability AI,USED_BY
Debmaster,Debmaster,b44b0f4a-c027-4b3a-b605-a3fa6e6dcd78,34,34,0,0,0,free-music-archive,free-music-archive,Google;Stability AI,USED_BY
Silent Strangers,Silent Strangers,452758bc-a8fe-4cfd-b63c-42132b51d860,34,34,0,0,0,free-music-archive,free-music-archive,Google;Stability AI,USED_BY
Tom Woxom,Tom Woxom,2c146a07-8594-4c49-b810-07a6180e6c25,34,34,0,0,0,free-music-archive,free-music-archive,Google;Stability AI,USED_BY
Chtin Mara,Chtin Mara,79da86ab-151c-4946-a4f3-c7f652707248,34,34,0,0,0,free-music-archive,free-music-archive,Google;Stability AI,USED_BY
Amil Byleckie,Amil Byleckie,7546,34,34,0,0,0,free-music-archive,free-music-archive,Google;Stability AI,USED_BY
NaDa BaBa,NaDa BaBa,10154,34,34,0,0,0,free-music-archive,free-music-archive,Google;Stability AI,USED_BY
Dustdevil & Crow,Dustdevil & Crow,6627,34,34,0,0,0,free-music-archive,free-music-archive,Google;Stability AI,USED_BY
los pilotos,los pilotos,21489,34,34,0,0,0,free-music-archive,free-music-archive,Google;Stability AI,USED_BY
Homemade-LoFi-Psych,Homemade-LoFi-Psych,8459,34,34,0,0,0,free-music-archive,free-music-archive,Google;Stability AI,USED_BY
JIHEL,JIHEL,1c074fb3-8eb5-4e50-9292-64cb91d5984c,34,34,0,0,0,free-music-archive,free-music-archive,Google;Stability AI,USED_BY
Daniel Veesey,Daniel Veesey,2355,33,33,0,0,0,free-music-archive,free-music-archive,Google;Stability AI,USED_BY
The Family Simpson,The Family Simpson,5176,33,33,0,0,0,free-music-archive,free-music-archive,Google;Stability AI,USED_BY
Mincemeat or Tenspeed,Mincemeat or Tenspeed,b5d9fe6f-72d3-427b-908c-22f291dc9551,33,33,0,0,0,free-music-archive,free-music-archive,Google;Stability AI,USED_BY
Invaders From Sears,Invaders From Sears,93970396-e0a0-4613-80fe-0156b2ee2a3f,33,33,0,0,0,free-music-archive,free-music-archive,Google;Stability AI,USED_BY
Jaap Blonk,Jaap Blonk,43764e83-2f26-43b2-8a20-d491907e56af,33,33,0,0,0,free-music-archive,free-music-archive,Google;Stability AI,USED_BY
Jan Strach,Jan Strach,19468,33,33,0,0,0,free-music-archive,free-music-archive,Google;Stability AI,USED_BY
Full Load of King,Full Load of King,dbce036d-02d0-45d5-be43-98943c0d684c,33,33,0,0,0,free-music-archive,free-music-archive,Google;Stability AI,USED_BY
Lata,Lata,9937,34,33,1,0,0,free-music-archive;laion-disco-12m,free-music-archive,Google;Stability AI,USED_BY
Liam Stewart,Liam Stewart,9288,33,33,0,0,0,free-music-archive,free-music-archive,Google;Stability AI,USED_BY
Napred u prošlost,Napred u prošlost,15278,33,33,0,0,0,free-music-archive,free-music-archive,Google;Stability AI,USED_BY
Massimo Ruberti,Massimo Ruberti,4905cd83-a18f-4033-9394-6a3bd65e0cc9,33,33,0,0,0,free-music-archive,free-music-archive,Google;Stability AI,USED_BY
Chromix,Chromix,d05a1a8a-d8e1-4a50-8a1f-516b44a61577,33,33,0,0,0,free-music-archive,free-music-archive,Google;Stability AI,USED_BY
Friends or Whatever,Friends or Whatever,9cfcaa29-261a-4e06-97ec-1e30036a3dca,33,33,0,0,0,free-music-archive,free-music-archive,Google;Stability AI,USED_BY
Entertainment for the Braindead,Entertainment for the Braindead,636ec2f4-0054-41f6-b1fe-e003ce6bdec1,51,32,0,19,0,free-music-archive;sleeping-disco-9m,free-music-archive,Google;Stability AI,USED_BY
Sic Alps,Sic Alps,c6f39f9e-b0fc-4614-94a9-ecf648bd8f33,52,32,0,20,0,free-music-archive;sleeping-disco-9m,free-music-archive,Google;Stability AI,USED_BY
Daniel Barbiero,Daniel Barbiero,9b42da20-b06c-4e97-a736-4cad0a1cbf8b,39,39,0,0,0,free-music-archive,free-music-archive,Google;Stability AI,USED_BY
Cherly KaCherly,Cherly KaCherly,f694c7e9-0f0b-4d08-b06b-0ec362ee436d,32,32,0,0,0,free-music-archive,free-music-archive,Google;Stability AI,USED_BY
Marco Raaphorst,Marco Raaphorst,7255d74f-bc4f-4512-9066-55b7344180a3,32,32,0,0,0,free-music-archive,free-music-archive,Google;Stability AI,USED_BY
PC-ONE,PC-ONE,19535,32,32,0,0,0,free-music-archive,free-music-archive,Google;Stability AI,USED_BY
Violeta Päivänkakkara,Violeta Päivänkakkara,51b30ea0-f719-466f-ab41-9f5e79324fbb,32,32,0,0,0,free-music-archive,free-music-archive,Google;Stability AI,USED_BY
Brice Catherin,Brice Catherin,10398,32,32,0,0,0,free-music-archive,free-music-archive,Google;Stability AI,USED_BY
The Above,The Above,800a2f79-9d71-4165-a097-806f125d81f2,32,32,0,0,0,free-music-archive,free-music-archive,Google;Stability AI,USED_BY
1donotuse,1donotuse,20311,32,32,0,0,0,free-music-archive,free-music-archive,Google;Stability AI,USED_BY
J-K,J-K,14543,32,32,0,0,0,free-music-archive,free-music-archive,Google;Stability AI,USED_BY
nisei23,nisei23,76802f73-fcc4-4476-a17d-b0cc240c07d3,32,32,0,0,0,free-music-archive,free-music-archive,Google;Stability AI,USED_BY
YELLOW CHAIR,YELLOW CHAIR,15717,32,32,0,0,0,free-music-archive,free-music-archive,Google;Stability AI,USED_BY
Sound Spread,Sound Spread,e3526770-ae41-4b4e-8301-e33685c6edb3,32,32,0,0,0,free-music-archive,free-music-archive,Google;Stability AI,USED_BY
Keijo,Keijo,b2a2a2db-2d5c-449b-b3b7-85d73585f0ee,32,32,0,0,0,free-music-archive,free-music-archive,Google;Stability AI,USED_BY
Bashed Nursling,Bashed Nursling,197f1b1a-fcc8-4bf3-8864-26880a603cba,32,32,0,0,0,free-music-archive,free-music-archive,Google;Stability AI,USED_BY
Dissolved,Dissolved,8116,32,32,0,0,0,free-music-archive,free-music-archive,Google;Stability AI,USED_BY
Fiesta Animal,Fiesta Animal,8653,32,32,0,0,0,free-music-archive,free-music-archive,Google;Stability AI,USED_BY
Mike Doughty,Mike Doughty,f3bcf7b3-be33-493b-8557-b201b3567828,196,32,135,29,0,free-music-archive;laion-disco-12m;sleeping-disco-9m,free-music-archive,Google;Stability AI,USED_BY
Beme Seed,Beme Seed,f0b7c98d-5245-48bb-a47e-1fcd68b25526,32,32,0,0,0,free-music-archive,free-music-archive,Google;Stability AI,USED_BY
Leisure-B,Leisure-B,db436594-ad73-4702-ab69-b9dc510c0cfa,32,32,0,0,0,free-music-archive,free-music-archive,Google;Stability AI,USED_BY
Jon Watts,Jon Watts,21446,32,32,0,0,0,free-music-archive,free-music-archive,Google;Stability AI,USED_BY
SK,SK,19803,32,32,0,0,0,free-music-archive,free-music-archive,Google;Stability AI,USED_BY
Razabri & Lezet,Razabri & Lezet,24314,32,32,0,0,0,free-music-archive,free-music-archive,Google;Stability AI,USED_BY
Trap of the Trap,Trap of the Trap,8632,32,32,0,0,0,free-music-archive,free-music-archive,Google;Stability AI,USED_BY
Koen Park,Koen Park,e2bf2d02-4bd6-4e07-85f2-86728bf58216,32,32,0,0,0,free-music-archive,free-music-archive,Google;Stability AI,USED_BY
Break The Bans,Break The Bans,16f721c9-acd8-40b9-8bee-e263a76a72d7,31,31,0,0,0,free-music-archive,free-music-archive,Google;Stability AI,USED_BY
Retrigger,Retrigger,305c45a7-7f52-4042-bef2-2c554a8f7e81,31,31,0,0,0,free-music-archive,free-music-archive,Google;Stability AI,USED_BY
Vivian Girls,Vivian Girls,d0676301-7ffc-4ff6-8b38-f8aeb8553115,53,31,0,22,0,free-music-archive;sleeping-disco-9m,free-music-archive,Google;Stability AI,USED_BY
Drums Like Machine Guns,Drums Like Machine Guns,6ecd7597-2fbb-4eaf-966a-448e9280d88a,31,31,0,0,0,free-music-archive,free-music-archive,Google;Stability AI,USED_BY
Garm,Garm,2493,31,31,0,0,0,free-music-archive,free-music-archive,Google;Stability AI,USED_BY
It's Notherground Music!!,It's Notherground Music!!,3093,31,31,0,0,0,free-music-archive,free-music-archive,Google;Stability AI,USED_BY
Nambavan,Nambavan,9ecf960b-16cc-48e4-919d-bbf296958910,47,31,0,16,0,free-music-archive;sleeping-disco-9m,free-music-archive,Google;Stability AI,USED_BY
Radio Shock,Radio Shock,f1d4c9ca-5b4b-4254-b003-4371a2596cb7,31,31,0,0,0,free-music-archive,free-music-archive,Google;Stability AI,USED_BY
Black Sea Hotel,Black Sea Hotel,48ba29ee-236d-4df8-b0f7-d1293ff0f9cf,31,31,0,0,0,free-music-archive,free-music-archive,Google;Stability AI,USED_BY
Wehwalt,Wehwalt,9e2dbc5c-05bd-4aed-9652-84012fc63708,31,31,0,0,0,free-music-archive,free-music-archive,Google;Stability AI,USED_BY
CKZ,CKZ,179cc9b7-fd89-4bbe-a0da-52fa38a14c5c,31,31,0,0,0,free-music-archive,free-music-archive,Google;Stability AI,USED_BY
Coldnoise,Coldnoise,9d053066-8fcf-49dd-bb1c-7c9b90953dd5,31,31,0,0,0,free-music-archive,free-music-archive,Google;Stability AI,USED_BY
Los Margaritos,Los Margaritos,18727791-1705-4b61-8b54-0bce7939b5fc,31,31,0,0,0,free-music-archive,free-music-archive,Google;Stability AI,USED_BY
Fake Cats Project,Fake Cats Project,bad3b6ba-47d0-4429-8561-2260df8ce151,31,31,0,0,0,free-music-archive,free-music-archive,Google;Stability AI,USED_BY
Advent Chamber Orchestra,Advent Chamber Orchestra,640b515f-93f7-4b64-9289-41e1d55e6b13,31,31,0,0,0,free-music-archive,free-music-archive,Google;Stability AI,USED_BY
Orbique,Orbique,1f7054fd-5ab4-44d2-9d83-9a0d58cb9013,31,31,0,0,0,free-music-archive,free-music-archive,Google;Stability AI,USED_BY
Best Friends!,Best Friends!,2e6ec065-a9ef-478c-b0ca-f6e38773f3ef,31,31,0,0,0,free-music-archive,free-music-archive,Google;Stability AI,USED_BY
Ending Satellites,Ending Satellites,2ba474ea-3bf6-4cbe-be65-847315d828dc,38,31,0,7,0,free-music-archive;sleeping-disco-9m,free-music-archive,Google;Stability AI,USED_BY
The Spectacular Fantastic,The Spectacular Fantastic,ae715b82-9e05-44f5-8aa9-0d28596f89a7,31,31,0,0,0,free-music-archive,free-music-archive,Google;Stability AI,USED_BY
Voyageurs,Voyageurs,05d27e20-2405-4952-9069-165d4cbb060e,33,33,0,0,0,free-music-archive,free-music-archive,Google;Stability AI,USED_BY
Dublin Duck Dispensary,Dublin Duck Dispensary,784dc158-9572-494d-a110-493e4cd14191,31,31,0,0,0,free-music-archive,free-music-archive,Google;Stability AI,USED_BY
Ben von Wildenhaus,Ben von Wildenhaus,5e7f0435-963c-4cd5-bb40-ff2952779d6e,42,31,1,10,0,free-music-archive;laion-disco-12m;sleeping-disco-9m,free-music-archive,Google;Stability AI,USED_BY
Pompey,Pompey,13757,31,31,0,0,0,free-music-archive,free-music-archive,Google;Stability AI,USED_BY
Greg Atkinson,Greg Atkinson,692b61ee-7044-4678-9de3-d55bfaa80208,31,31,0,0,0,free-music-archive,free-music-archive,Google;Stability AI,USED_BY
Fatal Injection,Fatal Injection,027a0421-b544-47df-a7af-1335a34dde4a,31,31,0,0,0,free-music-archive,free-music-archive,Google;Stability AI,USED_BY
Sláinte,Sláinte,680e6095-68b0-43c0-99fc-5baa29debf4a,31,31,0,0,0,free-music-archive,free-music-archive,Google;Stability AI,USED_BY
The HATE Noise and Anonymous,The HATE Noise and Anonymous,9954,31,31,0,0,0,free-music-archive,free-music-archive,Google;Stability AI,USED_BY
Ylmoy 8,Ylmoy 8,10461,31,31,0,0,0,free-music-archive,free-music-archive,Google;Stability AI,USED_BY
Kirk Pearson and BIT,Kirk Pearson and BIT,34397a79-d9eb-4600-b2c7-01b19ce14253,32,32,0,0,0,free-music-archive,free-music-archive,Google;Stability AI,USED_BY
epsilon not,epsilon not,dba9566e-cca4-47f1-95f9-8754d394383d,32,32,0,0,0,free-music-archive,free-music-archive,Google;Stability AI,USED_BY
Richard There,Richard There,6a3bda71-799c-4e25-afc9-8495889e1aef,30,30,0,0,0,free-music-archive,free-music-archive,Google;Stability AI,USED_BY
Tracky Birthday,Tracky Birthday,e104bd8f-0152-4f5e-b696-1b646794f577,34,30,0,4,0,free-music-archive;sleeping-disco-9m,free-music-archive,Google;Stability AI,USED_BY
Farmer's Boulevard,Farmer's Boulevard,53c809d4-5ada-4463-95ae-e3cb95488e94,30,30,0,0,0,free-music-archive,free-music-archive,Google;Stability AI,USED_BY
Brian Joseph Davis,Brian Joseph Davis,8af7565d-f3cb-4ac0-8309-2e54b70e5d8c,30,30,0,0,0,free-music-archive,free-music-archive,Google;Stability AI,USED_BY
Fat Worm of Error,Fat Worm of Error,ee34fa85-6fba-4c87-bb7d-222dea43e464,30,30,0,0,0,free-music-archive,free-music-archive,Google;Stability AI,USED_BY
Hayvanlar Alemi,Hayvanlar Alemi,93d16c36-727d-46ef-954b-5c32664e69ed,60,30,0,30,0,free-music-archive;sleeping-disco-9m,free-music-archive,Google;Stability AI,USED_BY
Meanwhileproject.ltd,Meanwhileproject.ltd,7cd13942-03fb-42f1-aa1d-838e36296b19,30,30,0,0,0,free-music-archive,free-music-archive,Google;Stability AI,USED_BY
6th Sense & Mick Boogie,6th Sense & Mick Boogie,3094,30,30,0,0,0,free-music-archive,free-music-archive,Google;Stability AI,USED_BY
Animals & Men,Animals & Men,cc3470a9-fe57-4238-8385-c61cdc10d7df,30,30,0,0,0,free-music-archive,free-music-archive,Google;Stability AI,USED_BY
Frame,Frame,11574,30,30,0,0,0,free-music-archive,free-music-archive,Google;Stability AI,USED_BY
REW<<,REW<<,85421b29-cafc-41c7-963e-fe224f357e82,30,30,0,0,0,free-music-archive,free-music-archive,Google;Stability AI,USED_BY
Uncle Neptune,Uncle Neptune,7398,30,30,0,0,0,free-music-archive,free-music-archive,Google;Stability AI,USED_BY
Stormhat,Stormhat,e5bda2d0-49d2-4e61-a723-d0286f4e042b,30,30,0,0,0,free-music-archive,free-music-archive,Google;Stability AI,USED_BY
Cloudjumper,Cloudjumper,19056,30,30,0,0,0,free-music-archive,free-music-archive,Google;Stability AI,USED_BY
4donotuse,4donotuse,15821,30,30,0,0,0,free-music-archive,free-music-archive,Google;Stability AI,USED_BY
M-Pex,M-Pex,aade0940-c50f-438f-8e66-6359e4879194,47,47,0,0,0,free-music-archive,free-music-archive,Google;Stability AI,USED_BY
Vitamin Pets,Vitamin Pets,f90d03af-fce8-416b-bf66-8a91b7e9d93e,31,30,0,1,0,free-music-archive;sleeping-disco-9m,free-music-archive,Google;Stability AI,USED_BY
Russ Huddleston,Russ Huddleston,c88dd041-0da5-41a5-b997-91d76f7a99ba,30,30,0,0,0,free-music-archive,free-music-archive,Google;Stability AI,USED_BY
Night Birds,Night Birds,c7a4d766-6bc7-4766-b86e-35e8d8e3fa43,51,30,0,20,1,free-music-archive;sleeping-disco-9m;spotify-tracks-dataset,free-music-archive,Google;Stability AI,USED_BY
iot,iot,11138,30,30,0,0,0,free-music-archive,free-music-archive,Google;Stability AI,USED_BY
Paneye,Paneye,f5e4485a-9ddb-401a-a64c-19c08f50230e,30,30,0,0,0,free-music-archive,free-music-archive,Google;Stability AI,USED_BY
Kimiko Ishizaka,Kimiko Ishizaka,13715,30,30,0,0,0,free-music-archive,free-music-archive,Google;Stability AI,USED_BY
PC Noise & Pedicure Records,PC Noise & Pedicure Records,20873,30,30,0,0,0,free-music-archive,free-music-archive,Google;Stability AI,USED_BY
Mystery Mammal,Mystery Mammal,98d525e0-06ef-4336-b199-f2ff94d79620,30,30,0,0,0,free-music-archive,free-music-archive,Google;Stability AI,USED_BY
BVBEL,BVBEL,23824,30,30,0,0,0,free-music-archive,free-music-archive,Google;Stability AI,USED_BY
The Zombie Dandies,The Zombie Dandies,32698bf3-4eab-4897-b369-102652358eee,30,30,0,0,0,free-music-archive,free-music-archive,Google;Stability AI,USED_BY
Black Ant,Black Ant,84ce1fb0-c521-4929-96e6-747ed5302e74,34,30,0,4,0,free-music-archive;sleeping-disco-9m,free-music-archive,Google;Stability AI,USED_BY
Bacalao,Bacalao,b5ee58b5-17e8-4c58-94fc-221875399590,30,30,0,0,0,free-music-archive,free-music-archive,Google;Stability AI,USED_BY
Zoo,Zoo,f92fa0b8-1f9a-4a55-8fbf-3fca7590a41f,29,29,0,0,0,free-music-archive,free-music-archive,Google;Stability AI,USED_BY
Gogofski,Gogofski,51a9c0ec-dea8-450d-8f71-72de8d1b3e37,29,29,0,0,0,free-music-archive,free-music-archive,Google;Stability AI,USED_BY
Чокнутый Пропеллер,Чокнутый Пропеллер,d259803d-3236-4859-87b1-d887476fcc6c,29,29,0,0,0,free-music-archive,free-music-archive,Google;Stability AI,USED_BY
Trokai,Trokai,16607,29,29,0,0,0,free-music-archive,free-music-archive,Google;Stability AI,USED_BY
Daily Khaos delivery,Daily Khaos delivery,19901,29,29,0,0,0,free-music-archive,free-music-archive,Google;Stability AI,USED_BY
Ak'chamel,Ak'chamel,64919cea-0c60-44aa-9f43-4b686723ce78,40,40,0,0,0,free-music-archive,free-music-archive,Google;Stability AI,USED_BY
Gurdonark,Gurdonark,d10616a5-ac88-4f2d-af05-cfa8209d0087,30,29,0,1,0,free-music-archive;sleeping-disco-9m,free-music-archive,Google;Stability AI,USED_BY
Adam Selzer,Adam Selzer,e5fcf98d-b75c-4cfb-8827-0a52778725e1,29,29,0,0,0,free-music-archive,free-music-archive,Google;Stability AI,USED_BY
DJ Harrison,DJ Harrison,411b5c5b-5432-4789-8160-6921c7cf6bcb,73,29,14,30,0,free-music-archive;laion-disco-12m;sleeping-disco-9m,free-music-archive,Google;Stability AI,USED_BY
SANMI,SANMI,13540,29,29,0,0,0,free-music-archive,free-music-archive,Google;Stability AI,USED_BY
Blanche Blanche Blanche,Blanche Blanche Blanche,b9bf2eda-4088-49ec-bf00-f3164ded9f1e,38,31,0,7,0,free-music-archive;sleeping-disco-9m,free-music-archive,Google;Stability AI,USED_BY
BoxCat Games,BoxCat Games,21dd4e7f-a5c6-4528-b64b-fb11c707fef4,29,29,0,0,0,free-music-archive,free-music-archive,Google;Stability AI,USED_BY
Kingstux,Kingstux,6c04b91d-e0c6-47da-be99-7c4043824b60,29,29,0,0,0,free-music-archive,free-music-archive,Google;Stability AI,USED_BY
Spectral Mystics,Spectral Mystics,9436,29,29,0,0,0,free-music-archive,free-music-archive,Google;Stability AI,USED_BY
William Hellfire,William Hellfire,13228,29,29,0,0,0,free-music-archive,free-music-archive,Google;Stability AI,USED_BY
Jeff Eliassen,Jeff Eliassen,13574,29,29,0,0,0,free-music-archive,free-music-archive,Google;Stability AI,USED_BY
ps,ps,13576,29,29,0,0,0,free-music-archive,free-music-archive,Google;Stability AI,USED_BY
Das Kabinett,Das Kabinett,21231,29,29,0,0,0,free-music-archive,free-music-archive,Google;Stability AI,USED_BY
Mise,Mise,22645,29,29,0,0,0,free-music-archive,free-music-archive,Google;Stability AI,USED_BY
Humanfobia,Humanfobia,97773419-3ede-47aa-860e-4b243f2b9205,49,29,0,20,0,free-music-archive;sleeping-disco-9m,free-music-archive,Google;Stability AI,USED_BY
¡para!helion,¡para!helion,7578,29,29,0,0,0,free-music-archive,free-music-archive,Google;Stability AI,USED_BY
Spinnaface,Spinnaface,9292,29,29,0,0,0,free-music-archive,free-music-archive,Google;Stability AI,USED_BY
Bullroarer,Bullroarer,f76e7629-d0ae-4655-b347-971225af59f6,29,29,0,0,0,free-music-archive,free-music-archive,Google;Stability AI,USED_BY
Undress Béton,Undress Béton,ebfe92d8-32be-42a4-8d1e-a0ff5da4c0cb,69,69,0,0,0,free-music-archive,free-music-archive,Google;Stability AI,USED_BY
Trance And The Arcade,Trance And The Arcade,42e05ca9-130a-4391-b729-0a6bb94b6036,29,29,0,0,0,free-music-archive,free-music-archive,Google;Stability AI,USED_BY
Launay,Launay,3b0a8bdd-06be-4b98-9f9f-16b69d182db2,29,29,0,0,0,free-music-archive,free-music-archive,Google;Stability AI,USED_BY
Spitfire Parade,Spitfire Parade,a23bfb28-0e39-4a9f-9652-b6ac9408b1b5,29,29,0,0,0,free-music-archive,free-music-archive,Google;Stability AI,USED_BY
Argumentix,Argumentix,b3b74797-1c66-4e47-a3d8-eed2256e1fa2,28,28,0,0,0,free-music-archive,free-music-archive,Google;Stability AI,USED_BY
Brother JT,Brother JT,5f2fc238-7227-4676-9f48-f45e887a51ae,28,28,0,0,0,free-music-archive,free-music-archive,Google;Stability AI,USED_BY
Gen Ken Montgomery,Gen Ken Montgomery,9fe4a38e-8f13-406f-8e60-8c077c27134f,28,28,0,0,0,free-music-archive,free-music-archive,Google;Stability AI,USED_BY
Sagan,Sagan,c98426ce-5f63-4240-8dcd-3a5b169979d8,28,28,0,0,0,free-music-archive,free-music-archive,Google;Stability AI,USED_BY
Rotor Perdition,Rotor Perdition,04f8d748-8b54-4d0c-bbf4-9fd682de2c00,28,28,0,0,0,free-music-archive,free-music-archive,Google;Stability AI,USED_BY
dj smallcock,dj smallcock,4268e05d-0c5f-478c-a70e-a86be8a934c4,31,31,0,0,0,free-music-archive,free-music-archive,Google;Stability AI,USED_BY
Bermuda Triangles,Bermuda Triangles,3f1f3c8e-cf62-4305-bf29-c7a1e4ec47a4,28,28,0,0,0,free-music-archive,free-music-archive,Google;Stability AI,USED_BY
Crab Smasher,Crab Smasher,7c644914-83f0-4079-a2a3-4ab5f57a7b71,28,28,0,0,0,free-music-archive,free-music-archive,Google;Stability AI,USED_BY
-,-,13538,28,28,0,0,0,free-music-archive,free-music-archive,Google;Stability AI,USED_BY
The Freak Fandango Orchestra,The Freak Fandango Orchestra,2a606804-510a-4728-899c-a9419adb82b9,28,28,0,0,0,free-music-archive,free-music-archive,Google;Stability AI,USED_BY
reid karris,reid karris,a137441d-e5d2-442e-9fb1-97aa5ff1e914,28,28,0,0,0,free-music-archive,free-music-archive,Google;Stability AI,USED_BY
Jack Hertz,Jack Hertz,fa5f7e9e-5667-4771-8a05-f1e8c31386e7,28,28,0,0,0,free-music-archive,free-music-archive,Google;Stability AI,USED_BY
Audiobinger,Audiobinger,2e17d5d4-bd28-45a5-b601-3fce92ba12d8,28,28,0,0,0,free-music-archive,free-music-archive,Google;Stability AI,USED_BY
Slackwaves,Slackwaves,13197,28,28,0,0,0,free-music-archive,free-music-archive,Google;Stability AI,USED_BY
Senyawa,Senyawa,ba54a312-7e90-4751-8284-4f32ea54a4fe,47,28,8,11,0,free-music-archive;laion-disco-12m;sleeping-disco-9m,free-music-archive,Google;Stability AI,USED_BY
Small Colin,Small Colin,66fb7e8b-3a42-4882-a0db-10dde972eaa6,28,28,0,0,0,free-music-archive,free-music-archive,Google;Stability AI,USED_BY
Paul and the Stretch,Paul and the Stretch,17805,28,28,0,0,0,free-music-archive,free-music-archive,Google;Stability AI,USED_BY
Nheap,Nheap,cf0a39af-59d6-4be5-82a1-dffd962ca7fe,28,28,0,0,0,free-music-archive,free-music-archive,Google;Stability AI,USED_BY
Rubber O Cement And James Twig Harper,Rubber O Cement And James Twig Harper,12904,28,28,0,0,0,free-music-archive,free-music-archive,Google;Stability AI,USED_BY
springtide,springtide,4b03534a-6b88-47c5-88f8-34ce2055e85e,28,28,0,0,0,free-music-archive,free-music-archive,Google;Stability AI,USED_BY
Maxim Kornyshev,Maxim Kornyshev,451595e7-fe6c-4138-be31-8fe552f613b9,28,28,0,0,0,free-music-archive,free-music-archive,Google;Stability AI,USED_BY
Gardenella,Gardenella,12953,28,28,0,0,0,free-music-archive,free-music-archive,Google;Stability AI,USED_BY
Noidboy,Noidboy,6944,28,28,0,0,0,free-music-archive,free-music-archive,Google;Stability AI,USED_BY
T3r4t0m4,T3r4t0m4,22486,28,28,0,0,0,free-music-archive,free-music-archive,Google;Stability AI,USED_BY
Neuroleptic Trio,Neuroleptic Trio,8670,28,28,0,0,0,free-music-archive,free-music-archive,Google;Stability AI,USED_BY
Min-Y-Llan,Min-Y-Llan,761da00d-0e52-4375-ab14-ba3205dcfdc2,29,29,0,0,0,free-music-archive,free-music-archive,Google;Stability AI,USED_BY
Pierlo,Pierlo,f0308bae-f66f-4bfb-b044-4eb69bc486ea,28,28,0,0,0,free-music-archive,free-music-archive,Google;Stability AI,USED_BY
Mr. Bitterness And The Guilty Pleasures,Mr. Bitterness And The Guilty Pleasures,4388cb78-6e56-4c0b-8aa5-983259cc2554,32,32,0,0,0,free-music-archive,free-music-archive,Google;Stability AI,USED_BY
Quint Baker,Quint Baker,b5ae1814-580c-4dda-a229-97d549c6db45,28,28,0,0,0,free-music-archive,free-music-archive,Google;Stability AI,USED_BY
Billy Murray,Billy Murray,6116bd4a-1e7a-4e76-9b59-0b23a2887b01,201,28,152,21,0,free-music-archive;laion-disco-12m;sleeping-disco-9m,free-music-archive,Google;Stability AI,USED_BY
Hank IV,Hank IV,ac67cf84-c526-4884-b776-7ed184dab57a,27,27,0,0,0,free-music-archive,free-music-archive,Google;Stability AI,USED_BY
Bob Ostertag,Bob Ostertag,9a4285b7-b793-42cd-a9b8-ff4aa16c5682,29,27,2,0,0,free-music-archive;laion-disco-12m,free-music-archive,Google;Stability AI,USED_BY
Arrington de Dionyso,Arrington de Dionyso,2265,27,27,0,0,0,free-music-archive,free-music-archive,Google;Stability AI,USED_BY
The Rabbits,The Rabbits,21e63f91-960b-4cf4-8fae-20bac839c579,27,27,0,0,0,free-music-archive,free-music-archive,Google;Stability AI,USED_BY
Angels in America,Angels in America,8b0010bd-fddf-488c-bc19-ae9996751d3e,39,27,0,12,0,free-music-archive;sleeping-disco-9m,free-music-archive,Google;Stability AI,USED_BY
Big City Orchestra,Big City Orchestra,44db62b4-8572-43cf-8ea2-6492c91b4db9,27,27,0,0,0,free-music-archive,free-music-archive,Google;Stability AI,USED_BY
Crash Normal,Crash Normal,529b0abb-32a7-4252-88cd-1dc005b30333,36,27,0,9,0,free-music-archive;sleeping-disco-9m,free-music-archive,Google;Stability AI,USED_BY
Ultrabunny,Ultrabunny,679b62a8-a6a2-462f-b2b4-b11611db9c37,27,27,0,0,0,free-music-archive,free-music-archive,Google;Stability AI,USED_BY
INFECTICIDE,INFECTICIDE,16768f54-ed97-4117-958a-8cf92f8000e5,31,29,0,2,0,free-music-archive;sleeping-disco-9m,free-music-archive,Google;Stability AI,USED_BY
Roulet,Roulet,f4eebb84-e067-4bf9-840b-4760266e6dc8,28,27,0,1,0,free-music-archive;sleeping-disco-9m,free-music-archive,Google;Stability AI,USED_BY
Lucas Perný & Miloslav Kollar,Lucas Perný & Miloslav Kollar,18181,27,27,0,0,0,free-music-archive,free-music-archive,Google;Stability AI,USED_BY
Anton Mobin,Anton Mobin,d8c800e0-e1ca-41e0-b1f9-d56a359fc91d,27,27,0,0,0,free-music-archive,free-music-archive,Google;Stability AI,USED_BY
David Mumford,David Mumford,20475,27,27,0,0,0,free-music-archive,free-music-archive,Google;Stability AI,USED_BY
Clorofila Azul,Clorofila Azul,3ad203da-08f3-424d-9514-6b13a1ba2ac6,27,27,0,0,0,free-music-archive,free-music-archive,Google;Stability AI,USED_BY
Azevedo Silva,Azevedo Silva,6cdb63dd-d261-40e5-96bb-67d9d4695d9c,27,27,0,0,0,free-music-archive,free-music-archive,Google;Stability AI,USED_BY
Robo,Robo,64a8444d-dd5b-4ae3-a42e-73bd90e6793e,27,27,0,0,0,free-music-archive,free-music-archive,Google;Stability AI,USED_BY
EARTH-ENEMY,EARTH-ENEMY,15404,27,27,0,0,0,free-music-archive,free-music-archive,Google;Stability AI,USED_BY
Chuzausen,Chuzausen,9a5eba85-6beb-4f40-9612-722c085be4a2,36,27,0,9,0,free-music-archive;sleeping-disco-9m,free-music-archive,Google;Stability AI,USED_BY
Uniform Motion,Uniform Motion,f373cce0-519c-4c90-98dc-91da895a82bb,47,27,0,20,0,free-music-archive;sleeping-disco-9m,free-music-archive,Google;Stability AI,USED_BY
Stephan Siebert,Stephan Siebert,c6f188c2-bceb-425f-8bf3-e8eaea1c0923,27,27,0,0,0,free-music-archive,free-music-archive,Google;Stability AI,USED_BY
The Joy Drops,The Joy Drops,20819,27,27,0,0,0,free-music-archive,free-music-archive,Google;Stability AI,USED_BY
Gabriel Pereira Spurr,Gabriel Pereira Spurr,9dedbaff-e0f8-4a50-a6ff-8bc0c13437e4,27,27,0,0,0,free-music-archive,free-music-archive,Google;Stability AI,USED_BY
Jeremy Gluck,Jeremy Gluck,3b6040e1-efa6-4086-bb0a-2b637c60ada5,28,27,1,0,0,free-music-archive;laion-disco-12m,free-music-archive,Google;Stability AI,USED_BY
Achievements,Achievements,21315,27,27,0,0,0,free-music-archive,free-music-archive,Google;Stability AI,USED_BY
Simon Waldram,Simon Waldram,20350,27,27,0,0,0,free-music-archive,free-music-archive,Google;Stability AI,USED_BY
Rock Monsieur,Rock Monsieur,7317,27,27,0,0,0,free-music-archive,free-music-archive,Google;Stability AI,USED_BY
Axial,Axial,8b5c138d-af9c-4bda-9370-85daae461777,27,27,0,0,0,free-music-archive,free-music-archive,Google;Stability AI,USED_BY
Pornophonik,Pornophonik,e97cc665-e5c7-4f70-96b6-3d897129a4f9,27,27,0,0,0,free-music-archive,free-music-archive,Google;Stability AI,USED_BY
Jani Hirvonen,Jani Hirvonen,ef84a960-bd56-44fe-b285-3753488691d2,27,27,0,0,0,free-music-archive,free-music-archive,Google;Stability AI,USED_BY
Titus 12,Titus 12,9960c5df-10c1-4b22-8243-0c1de6db6a51,28,26,2,0,0,free-music-archive;laion-disco-12m,free-music-archive,Google;Stability AI,USED_BY
Tonstartssbandht,Tonstartssbandht,3f6e6624-5389-4cac-bda4-87f5d7aaa4d6,53,26,0,27,0,free-music-archive;sleeping-disco-9m,free-music-archive,Google;Stability AI,USED_BY
Bronhard/Going/Public,Bronhard/Going/Public,92,27,26,0,1,0,free-music-archive;sleeping-disco-9m,free-music-archive,Google;Stability AI,USED_BY
Ethan Persoff,Ethan Persoff,ce9d9837-6d7f-4294-bc69-c8f02f763ba1,26,26,0,0,0,free-music-archive,free-music-archive,Google;Stability AI,USED_BY
Mink Lungs,Mink Lungs,268ff35a-569f-4974-835c-fdefa7d9b229,26,26,0,0,0,free-music-archive,free-music-archive,Google;Stability AI,USED_BY
Steve Wynn,Steve Wynn,5eb64fa9-5231-4a9b-8742-e72c2d185519,81,26,1,54,0,free-music-archive;laion-disco-12m;sleeping-disco-9m,free-music-archive,Google;Stability AI,USED_BY
Mondo Topless,Mondo Topless,1bd6e89e-8989-4b18-82b3-426f6334ffd0,26,26,0,0,0,free-music-archive,free-music-archive,Google;Stability AI,USED_BY
Volvox,Volvox,a491224e-6db8-441d-8e18-7058407f6188,26,26,0,0,0,free-music-archive,free-music-archive,Google;Stability AI,USED_BY
Nick Jaina,Nick Jaina,329173b0-a27e-4ce1-8ada-0ff863a7c445,31,26,0,5,0,free-music-archive;sleeping-disco-9m,free-music-archive,Google;Stability AI,USED_BY
Marlo Eggplant,Marlo Eggplant,9cbcb796-1071-4466-b467-a46048348572,26,26,0,0,0,free-music-archive,free-music-archive,Google;Stability AI,USED_BY
Stefano Roncarolo,Stefano Roncarolo,8a2ad6c6-3526-4982-94ca-c02bc98f21bb,26,26,0,0,0,free-music-archive,free-music-archive,Google;Stability AI,USED_BY
Uncle Woody Sullender,Uncle Woody Sullender,f437c953-cd90-484c-96d0-487383283f3f,26,26,0,0,0,free-music-archive,free-music-archive,Google;Stability AI,USED_BY
Sawako,Sawako,28dcd46c-0bd1-4787-8487-a43e7e13b233,26,26,0,0,0,free-music-archive,free-music-archive,Google;Stability AI,USED_BY
Andy G. Cohen,Andy G. Cohen,5fb3b2c0-c245-4181-ac00-a6a101168568,26,26,0,0,0,free-music-archive,free-music-archive,Google;Stability AI,USED_BY
Čopor,Čopor,5c28b79d-ff53-45ff-ba1a-92db4ca6f526,26,26,0,0,0,free-music-archive,free-music-archive,Google;Stability AI,USED_BY
Mark Castle,Mark Castle,1bd36b09-9894-41a7-a2d0-375d652288dd,26,26,0,0,0,free-music-archive,free-music-archive,Google;Stability AI,USED_BY
Lyndon Scarfe,Lyndon Scarfe,8a86482c-043d-4b7b-9a72-6ef5ff207165,26,26,0,0,0,free-music-archive,free-music-archive,Google;Stability AI,USED_BY
Hi-Rez,Hi-Rez,ffd5250b-9cdc-4baf-9714-800dbf7ab6ff,295,26,158,109,2,free-music-archive;laion-disco-12m;sleeping-disco-9m;spotify-tracks-dataset,free-music-archive,Google;Stability AI,USED_BY
Megatone,Megatone,17128,26,26,0,0,0,free-music-archive,free-music-archive,Google;Stability AI,USED_BY
Lazer Boy,Lazer Boy,3daf5111-e830-4c95-92e0-46f494188140,26,26,0,0,0,free-music-archive,free-music-archive,Google;Stability AI,USED_BY
Pixyblink,Pixyblink,770fd220-dbac-4ea9-a883-2d3e95170851,28,28,0,0,0,free-music-archive,free-music-archive,Google;Stability AI,USED_BY
How How,How How,431be8c4-f8c5-4e0d-8aa1-47e06e563500,26,26,0,0,0,free-music-archive,free-music-archive,Google;Stability AI,USED_BY
Trans Atlantic Rage/Balogh,Trans Atlantic Rage/Balogh,14425,26,26,0,0,0,free-music-archive,free-music-archive,Google;Stability AI,USED_BY
A Ninja Slob Drew Me,A Ninja Slob Drew Me,9de1badf-41d2-4875-80b1-5d85adceac28,26,26,0,0,0,free-music-archive,free-music-archive,Google;Stability AI,USED_BY
Miquel Parera Jaques,Miquel Parera Jaques,13913,26,26,0,0,0,free-music-archive,free-music-archive,Google;Stability AI,USED_BY
Mršavi Pas,Mršavi Pas,11442,26,26,0,0,0,free-music-archive,free-music-archive,Google;Stability AI,USED_BY
Colin L. Orchestra,Colin L. Orchestra,10192,26,26,0,0,0,free-music-archive,free-music-archive,Google;Stability AI,USED_BY
Jan Morgenstern,Jan Morgenstern,6938a39c-c984-4ae4-ae39-ad372519e809,26,26,0,0,0,free-music-archive,free-music-archive,Google;Stability AI,USED_BY
Inside the Mind,Inside the Mind,2a281c08-1611-4945-950c-026e1f42f930,48,26,22,0,0,free-music-archive;laion-disco-12m,free-music-archive,Google;Stability AI,USED_BY
(morse),(morse),16860,26,26,0,0,0,free-music-archive,free-music-archive,Google;Stability AI,USED_BY
Jeremy Macachor,Jeremy Macachor,5daf8096-08d6-4b83-94fe-65da2febd765,26,26,0,0,0,free-music-archive,free-music-archive,Google;Stability AI,USED_BY
The Valleys,The Valleys,aeb57240-ceed-482c-af10-2a2b02337164,26,26,0,0,0,free-music-archive,free-music-archive,Google;Stability AI,USED_BY
Let Me Crazy,Let Me Crazy,a8033dbb-8f69-44b5-9c41-54e857012d3b,26,26,0,0,0,free-music-archive,free-music-archive,Google;Stability AI,USED_BY
Mike Viola,Mike Viola,3b857281-9d2d-4739-8bfe-305386ce8b7a,56,26,20,10,0,free-music-archive;laion-disco-12m;sleeping-disco-9m,free-music-archive,Google;Stability AI,USED_BY
Carly Ptak,Carly Ptak,a77bb6c6-1841-4118-8b3d-57fd80a3355b,26,26,0,0,0,free-music-archive,free-music-archive,Google;Stability AI,USED_BY
pat moonchy,pat moonchy,8563b751-0180-4a72-b7d0-53900602466f,26,26,0,0,0,free-music-archive,free-music-archive,Google;Stability AI,USED_BY
Nafta,Nafta,10121,26,26,0,0,0,free-music-archive,free-music-archive,Google;Stability AI,USED_BY
Punk Rock Opera,Punk Rock Opera,22128,26,26,0,0,0,free-music-archive,free-music-archive,Google;Stability AI,USED_BY
Ryan Cullinane,Ryan Cullinane,23539,26,26,0,0,0,free-music-archive,free-music-archive,Google;Stability AI,USED_BY
J Hacha de Zola,J Hacha de Zola,22652,26,26,0,0,0,free-music-archive,free-music-archive,Google;Stability AI,USED_BY
Dora'li,Dora'li,6073,26,26,0,0,0,free-music-archive,free-music-archive,Google;Stability AI,USED_BY
Tiny Creatures,Tiny Creatures,6774,26,26,0,0,0,free-music-archive,free-music-archive,Google;Stability AI,USED_BY
Chapelle 59,Chapelle 59,67512f0d-893f-472a-bb81-781e8b9f31d9,26,26,0,0,0,free-music-archive,free-music-archive,Google;Stability AI,USED_BY
Three Chain Links,Three Chain Links,c5f7556e-c3d9-4c4e-9160-11c79116cab1,26,26,0,0,0,free-music-archive,free-music-archive,Google;Stability AI,USED_BY
Good Old Neon,Good Old Neon,e6d369f2-9dd9-42e9-8217-6dca1e698f95,25,25,0,0,0,free-music-archive,free-music-archive,Google;Stability AI,USED_BY
Joey Ripps,Joey Ripps,a9749e6b-bc5f-4528-be87-ca6afc6d7b82,25,25,0,0,0,free-music-archive,free-music-archive,Google;Stability AI,USED_BY
Justice Yeldham,Justice Yeldham,2240,25,25,0,0,0,free-music-archive,free-music-archive,Google;Stability AI,USED_BY
New Waver,New Waver,1f705d85-fe76-4f75-bcae-45aad4fe4c38,39,25,0,14,0,free-music-archive;sleeping-disco-9m,free-music-archive,Google;Stability AI,USED_BY
Spheriot,Spheriot,8bb9ba57-224c-4590-abb4-bfd8bc68b07a,25,25,0,0,0,free-music-archive,free-music-archive,Google;Stability AI,USED_BY
Sminky,Sminky,fee304b1-718a-46eb-baec-2d13b2234ca0,25,25,0,0,0,free-music-archive,free-music-archive,Google;Stability AI,USED_BY
The Decapitated Hed,The Decapitated Hed,3640,25,25,0,0,0,free-music-archive,free-music-archive,Google;Stability AI,USED_BY
Kania Tieffer,Kania Tieffer,e0da7745-7caa-4be4-bb60-e1a7daca5347,25,25,0,0,0,free-music-archive,free-music-archive,Google;Stability AI,USED_BY
dustmotes,dustmotes,e9a3af8d-426e-4557-b6b1-a2f85250e6f1,32,32,0,0,0,free-music-archive,free-music-archive,Google;Stability AI,USED_BY
Egg Nebula,Egg Nebula,bd35e2b2-7966-4616-947f-9eef96dd783f,25,25,0,0,0,free-music-archive,free-music-archive,Google;Stability AI,USED_BY
Astma,Astma,9622,25,25,0,0,0,free-music-archive,free-music-archive,Google;Stability AI,USED_BY
Strong Suit,Strong Suit,16815,25,25,0,0,0,free-music-archive,free-music-archive,Google;Stability AI,USED_BY
Cletus Got Shot,Cletus Got Shot,f07a68b3-e4a7-4463-8235-bbd58a6d0be9,25,25,0,0,0,free-music-archive,free-music-archive,Google;Stability AI,USED_BY
Nightech,Nightech,e1bcb11f-d9f9-45f1-990f-16d4ce2cc069,25,25,0,0,0,free-music-archive,free-music-archive,Google;Stability AI,USED_BY
My Own Cubic Stone,My Own Cubic Stone,3d75ff2b-c571-41db-8641-294d3668f4b5,25,25,0,0,0,free-music-archive,free-music-archive,Google;Stability AI,USED_BY
Shamil Elvenheim,Shamil Elvenheim,13531,25,25,0,0,0,free-music-archive,free-music-archive,Google;Stability AI,USED_BY
Juan Antonio Nieto,Juan Antonio Nieto,f8e938f0-28d0-40ba-adcb-6c9cfd7a304c,25,25,0,0,0,free-music-archive,free-music-archive,Google;Stability AI,USED_BY
Visciera,Visciera,481e8f4e-fb74-4ba5-9e5f-a105dcd2d2a0,25,25,0,0,0,free-music-archive,free-music-archive,Google;Stability AI,USED_BY
Church of When the Shit Hits the Fan,Church of When the Shit Hits the Fan,ebe120c4-cb4b-40c3-b8be-06d60a29f064,28,28,0,0,0,free-music-archive,free-music-archive,Google;Stability AI,USED_BY
The Hussy,The Hussy,56cd2ce3-fdff-4d88-ba6b-ac2ca18971fc,25,25,0,0,0,free-music-archive,free-music-archive,Google;Stability AI,USED_BY
Assif Tsahar,Assif Tsahar,ea17dbfc-f53d-4c3e-b96f-455b901b55c5,25,25,0,0,0,free-music-archive,free-music-archive,Google;Stability AI,USED_BY
Golden Hits,Golden Hits,9ea9cc93-e3c4-4d8c-8767-f95ff806d411,25,25,0,0,0,free-music-archive,free-music-archive,Google;Stability AI,USED_BY
The Mugris,The Mugris,5d2eecfa-0d56-43cc-bd83-eca0d0bd90b4,25,25,0,0,0,free-music-archive,free-music-archive,Google;Stability AI,USED_BY
Mister Drey,Mister Drey,21310,25,25,0,0,0,free-music-archive,free-music-archive,Google;Stability AI,USED_BY
Rest You Sleeping Giant,Rest You Sleeping Giant,2f977421-74e5-400d-9d02-ed7fb036b3ea,25,25,0,0,0,free-music-archive,free-music-archive,Google;Stability AI,USED_BY
Kοκκαλα,Kοκκαλα,21488,25,25,0,0,0,free-music-archive,free-music-archive,Google;Stability AI,USED_BY
Vicnet,Vicnet,94286482-b1da-401c-9a6e-39ebddd24974,25,25,0,0,0,free-music-archive,free-music-archive,Google;Stability AI,USED_BY
KieLoBot,KieLoBot,22616,25,25,0,0,0,free-music-archive,free-music-archive,Google;Stability AI,USED_BY
Mported Flows,Mported Flows,f57a4abf-a85c-4ed7-b764-7f51ac0b530b,25,25,0,0,0,free-music-archive,free-music-archive,Google;Stability AI,USED_BY
Régis Turner,Régis Turner,3cb797a1-00af-461e-bf0c-b5eca00dd586,29,29,0,0,0,free-music-archive,free-music-archive,Google;Stability AI,USED_BY
Olelé Brut,Olelé Brut,df2639fb-1d32-4981-a7a6-acffe3de2dc7,25,25,0,0,0,free-music-archive,free-music-archive,Google;Stability AI,USED_BY
Mombojó,Mombojó,969e51a2-4982-4c95-b365-eab8100f8b7a,55,26,0,29,0,free-music-archive;sleeping-disco-9m,free-music-archive,Google;Stability AI,USED_BY
