name,mbid,fma_track_count
FIG Channel,,15056
MLB,,11984
KBS WORLD TV,,11753
WBIR Channel 10,,11115
1theK (원더케이),,11035
CBS New York,,10372
PlayStation,,9675
NHL,,6990
World Rugby,,6733
NBA,,6079
CBC Sports,,5377
wikiHow,,5261
Eurosport,,5236
FOX,,4908
KinoCheck.com,,4826
ONE Media,,4763
Olympics,,4734
IBJJF (International Brazilian Jiu-Jitsu Federation),,4574
Skating ISU,,4474
Global Cycling Network,,4438
Entertainment Access,,4369
NFL,,4360
Scotty Kilmer,,4332
Man City,,4108
WWE,,3763
Paralympic Games,,3690
NCAA Championships,,3551
USCAthletics,,3526
Eurovision Song Contest,,3520
BETNetworks,,3462
Shemaroo Comedy,,3420
Major League Soccer,,3278
DIY Pinto,,3164
Rubhen925,,3137
YRF,,3122
FIFA,,3073
Variety,,2975
Looper,,2973
NOW PLAYING,,2960
Movieclips,,2956
FEI,,2899
settime2588,,2878
Mango Music,,2804
Peppa Pig - Official Channel,,2784
Liverpool FC,,2714
WildBrain Kids,,2665
MIT OpenCourseWare,,2575
CBBC,,2572
Swissbeatbox,,2556
5-Minute Crafts,,2528
Gezen Adam,,2486
SQUASHTV,,2406
Nickelodeon UK,,2361
Nickelodeon,,2360
FilmSpot Trailer,,2326
SciShow,,2303
J-AutoShow,,2283
Surfers of Bali,,2252
Britain's Got Talent,,2238
World Archery,,2211
All4HimRacingVideos,,2198
Cartoon Network,,2162
PPA Tour,,2146
Rombbb,,2128
Discovery,,2109
Linus Tech Tips,,2095
Unisport,,2092
DraKulis,,2024
Cult Cinema Classics,,2007
T-Series,,1977
CBC,,1960
Global Triathlon Network,,1943
PAW Patrol Official & Friends,,1934
ACC Digital Network,,1920
The Wall Street Journal,,1918
Fudgy,,1917
NASASpaceflight,,1911
Discovery UK,,1911
Met Office - UK Weather,,1860
Boxoffice Movie Scenes,,1810
Howcast,,1797
CrossFit,,1788
TED,,1767
DC Kids,,1719
Screen Culture,,1719
FIBA3x3 - The 3x3 Basketball Channel,,1651
Mr. Hand Pay,,1625
DIG BMX Official,,1600
FilmSelect Trailer,,1579
Nintendo UK,,1574
Big Think,,1563
Oscars,,1562
Doctor Who,,1560
Zee Kids,,1550
BabyBus - Kids Songs and Cartoons,,1544
Misfit Productions,,1537
Matchroom Pool,,1511
WaterTube,,1510
AA-VFX,,1509
Monster Energy Supercross,,1477
pandapia HD,,1462
Stock Video,,1456
Rabbit Island Japan,,1454
Netflix K-Content,,1408
Garden Answer,,1387
Guinness World Records,,1382
Hebbars Kitchen,,1381
SnowboardProCamp,,1380
JYP Entertainment,,1371
Watchfinder & Co.,,1367
Roberta's Gym,,1359
Beardbrand,,1358
The Modern Rogue,,1358
ISSF - International Shooting Sport Federation,,1355
Dakar,,1320
Best Documentary,,1308
The Verge,,1291
Dread Central,,1290
Peacock Kids,,1285
Unreal Engine,,1273
Wanda Diamond League,,1237
Midwest Wrestle,,1232
Trashmaster15,,1217
AirshowStuffVideos,,1205
ENFANT TERRIBLE,,1196
Horrid Henry,,1188
Vismai Food,,1183
Good Morning America,,1179
Paint Life TV,,1178
The Geocaching Vlogger,,1166
CrossFit Games,,1155
jacobfuckingjones,,1141
Trakin Tech,,1125
Goodwood Road & Racing,,1120
TabiEats,,1118
Global Mountain Bike Network,,1105
Hardware Canucks,,1100
One Man Wolf Pack,,1076
RGR29,,1073
Kendall Todd TheSilverGuy,,1067
Kamp Kenan,,1067
Sunny Health & Fitness,,1062
Karate Combat,,1057
HomeCookingShow,,1055
ThrasherMagazine,,1054
IRONMAN Triathlon,,1054
CrashCourse,,1049
That's Good Money,,1047
Hoonigan,,1042
KinoCheck Family,,1041
БЕРИ И ДЕЛАЙ,,1039
Fresh Tracks,,1036
BBC Earth,,1034
NASA,,1030
United Music Events #weareonthemission,,1016
MINEE EATS,,1003
The Run Experience,,978
Maxkil,,974
Monster Energy,,969
4K Relaxation Channel,,968
Jamie Oliver,,966
Epic Volleyball,,964
Chemical Guys,,955
Pompsie Slots,,951
Uke Like The Pros,,941
Crufts,,941
World Triathlon,,939
Supercar Blondie,,936
The Running Channel,,921
GoPro,,920
Lacry,,914
LIFFORD GREYHOUNDS,,904
American Standard Dog Training,,890
INTER,,886
Wyse Guide,,885
Bayashi TV,,883
Love Nature,,881
Boat Zone,,880
CobraEmergency,,879
Tactical Hyve,,877
Kackie Reviews Beauty,,875
TED-Ed,,865
GameSprout,,860
Science Channel,,860
Filmey Box,,851
Jubilee,,842
McCann Dog Training,,839
Michael Jiroch,,838
Austin Evans,,838
MovieGasm.com,,831
Mark Wiens,,830
The Action Lab,,826
Kirk Giordano plastering Inc.,,822
Mondragon Chiropractic,,822
The Tech Chap,,821
Evike.com Airsoft,,813
4K WALK,,810
Paul Dinning,,807
JomezPro,,801
Hagerty,,801
HEDGEHOG x,,794
RESHOEVN8R,,793
thediscgolfguy,,792
Vincenzo's Plate,,791
Lahari Music - TSeries,,786
Marble ASMR healing,,785
Unbox Therapy,,780
GymRa,,776
Theme Park POV,,774
Terry B,,762
Tips Telugu,,759
Soon Films 순필름,,755
Walk_Africa,,753
Drumeo,,752
TBS,,750
Mordern craft,,744
CGMeetup,,740
Shintaro Higashi,,738
Cocomelon - Nursery Rhymes,,732
Travis Sickle,,732
Go Go Go!,,731
DUST,,727
The Try Guys,,723
DAZN Darts,,713
REI,,708
fightTIPS,,705
TKOR,,705
Avatar: The Last Airbender,,703
Chill & Relax with Visual Effects,,702
DP World Tour,,699
Relaxing White Noise,,689
FoodieBoy 푸디보이,,681
Factnomenal,,681
CNET,,681
Survival Gear,,679
Truman's Hardwood Floor Refinishing & Cleaning,,677
Little Big Shots,,676
SBSKPOP X INKIGAYO,,675
H1 Unlimited,,673
road.cc,,672
Giants Live STRONGMAN,,671
ExpertVillage Leaf Group,,669
Skallagrim,,668
DJI,,668
Throneful,,667
Chandler's Wild Life,,660
Binge Society,,660
MyBackyardBirding,,657
ALTER,,654
Triton Trojans,,652
The NYC Walking Show,,650
옛드 : MBC 옛날 드라마,,650
BBC,,650
Goodyear FIA European Truck Racing Championship,,646
Still Watching Netflix,,646
Dope Gameplays,,645
blogilates,,645
Rambalac,,644
Tips Official,,642
LMG Vids,,639
Riahs Tie Dye,,636
BWF TV,,636
Lorien's Toy Box,,635
tagesschau,,631
Rick Shiels Golf,,630
NASCAR,,629
DrexFactor Poi,,628
Unsharpen,,628
Dogumentary TV,,624
Animals Lovely,,623
WildBrain Superheroes,,623
Washington Post,,620
딜라이트 Delight,,616
Salomon TV,,608
USA Gymnastics,,608
Fashion Channel,,604
UFC,,602
Madman Films,,595
Tony Jeffries,,594
Jay Lee Painting,,593
Woodworking Skill,,590
/\/\ MARCHINGSPORT,,590
Gallop TV,,587
BKXC,,583
FIA World Rallycross Championship,,582
Shifting Lanes,,581
土豆の日記Cat's diary,,579
FF Channel,,578
Voice of Armwrestling,,577
The Royalty Family,,571
McLaren,,570
Home RenoVision DIY,,569
Predatory Fins,,566
Strawberry Shortcake - WildBrain,,562
Adam Celadin,,556
History Latinoamérica,,552
Chicago Symphony Orchestra,,551
The Smurfs • Official Channel!,,549
OHEMAA,,545
All Action,,542
Masters of the Universe: He-Man & She-Ra,,540
BBC Studios,,540
World Table Tennis,,540
Mind Pump TV,,535
Veyilon Entertainment,,533
The Educated Barfly,,528
Bethesda Softworks,,528
The Grand Tour,,524
Encrypted Duck,,520
Martha Stewart,,518
Telemundo Deportes,,518
BuzzFeedVideo,,514
TheGodlyNoob,,511
Eitan Bernath,,509
TGG,,505
NBC Sports,,505
Hydraulic Press Channel,,504
Aviation International News,,502
ONE Media +,,502
Boho Beautiful Yoga,,499
CCTV纪录,,497
Iain Campbell,,492
Reuters,,491
Harley-Davidson,,490
ThatDudeCanCook,,488
Concacaf,,487
The Bearded Butchers,,485
Gavin Webber,,485
Something About Gorillas ゴリラっぱTV,,484
Paul Cuffaro,,483
Popcornflix,,482
Wavy Boats,,481
OmarGoshTV,,481
League of Legends,,481
Enduro Life Media,,479
Man Flow Yoga,,479
Adam Ragusea,,476
Calligraphy Masters,,475
Tedward,,471
DaveHax,,470
Throdle,,469
Let's ask Shogo | Your Japanese friend in Kyoto,,469
MOLLY'S ARTISTRY,,469
Hipyo Tech,,468
FIL Luge,,467
Clean My Space,,465
Monterey Bay Aquarium,,462
"Food & Travel with ""Danny The Medic""",,460
Matt's Off Road Recovery,,460
Team Liquid CS2 | Counter Strike,,457
Australian Open TV,,457
KinoCheck Sci-Fi,,456
The Relaxed Walker,,456
Neeves Knives,,455
Intuitive Tennis,,454
Mr SunY,,451
✿ Kids Diana Show,,449
ChessBase India,,448
KeefCooks,,447
BabyCenter,,446
ChuChu TV Nursery Rhymes & Kids Songs,,444
megsquats,,444
Itchy Boots,,444
Super Simple Songs - Kids Songs,,443
Alpha TV Greece,,443
Seoul Walker,,440
Mai Pham,,440
2 Guys & A Cooler,,438
cricket.com.au,,438
TheCGBros,,437
Netflix Jr.,,436
MOUNTAIN TREKKER,,430
Red Bull,,430
The Fun Squad,,426
Sailing La Vagabonde,,424
AlmazanKitchen,,421
Autocar,,421
China Chilli,,421
Mike The Scavenger,,420
Study Buddhism,,420
KBS Drama Classic,,420
ARMWRESTLING TV,,416
Stefan Drury,,415
Myntra,,415
stu crompton,,414
Zoos Victoria,,414
Vox,,413
Ryan Williams,,410
DRIVETRIBE,,406
Garage Gym Reviews,,406
Paolo fromTOKYO,,405
Natashas Kitchen,,405
The Lion Whisperer,,405
ART NYC,,404
Yeung Man Cooking,,404
Shaun the Sheep Official,,403
Williams Sonoma,,402
Skech Art,,399
English Heritage,,398
Watched Walker,,398
Beach Volleyball World,,397
Audiotree,,397
4K Urban Life,,396
JackJackPlays,,396
dodgerfilms,,394
Letupita,,394
Short of the Week,,393
it's HIS turf,,393
National Geographic,,393
Lifetime,,393
ACG,,389
Guilty of Treeson,,388
풀스윙,,388
DrDIYhax,,387
FoodyTrip 푸디트립,,385
Cheer Extreme,,383
Mastar,,382
Puuung 퍼엉,,381
AWA Wiffle Ball,,378
SLICE,,377
ojatro,,377
Ships You Should Know,,377
芒果TV音乐 MangoTV Music,,377
The Indian Ambience,,376
FitnessFAQs,,376
ONE Championship,,376
Jun's World,,374
Nature Soundscapes,,374
ATHLEAN-X™,,372
NoAnnoyingCommentary,,370
Machinery Nation,,369
The Rose Geek,,369
Bonsai Empire,,369
Come Play With Me,,369
BattleBots,,368
Doro Cubillo,,367
NAB Show,,366
Tone and Tighten,,365
Guga Foods,,364
Clifton Chilli Club,,364
AmysCrypt,,363
DOVADO,,362
TEQ TV,,361
IKAMODA,,360
Flight Athletic Academy,,357
The New York Times,,357
Tennis TV,,357
Real Ale Craft Beer,,357
Natalie and Tara,,355
Dumpster diving momma of 2,,354
Boiler Room,,353
HBO,,353
GameRiot,,353
All process of world,,352
Sauce Stache,,351
Stern Pinball,,350
Olympics Figure Skating,,348
Deep Marine Scenes,,347
TEDx Talks,,347
Polenar Tactical,,346
YouGoProBaseball,,346
TD BRICKS,,345
Asia Jackson,,345
AMC Theatres,,345
Totally TV,,341
Marvel Entertainment,,341
Tom Leeman,,340
YT Object,,339
FOX Soccer,,339
J.Harvey Stonework,,338
Red Bull Rally,,338
Mind Travels,,338
Innovative Techs,,337
Motorcycle.com,,337
John Z Wetmore,,335
CJ Pony Parts,,335
My Self Reliance,,334
Manish Malhotra,,334
Cooking with Dog,,334
Berm Peak,,333
Nick’s Seasonal Décor,,332
Tosa Bebe Pet,,332
Raptor,,330
CoasterFan2105,,329
HISTORY,,329
European Southern Observatory (ESO),,328
WhatCulture,,326
Flying The Nest,,326
Aikido Shinburenseijuku - 合気道神武錬成塾,,325
CCTV春晚,,325
Dr. Grace Lee,,324
How Ridiculous,,322
Iqra's happy life,,320
感動猫動画,,317
Crushing Experiments,,315
THENX,,315
The Tonight Show Starring Jimmy Fallon,,315
Fast & Easy Recipes,,314
HowToBBQRight,,314
TICK Entertainment NXT,,312
VideoFromSpace,,311
Jesse Enkamp,,310
Pathways,,310
Volvo Trucks,,309
Rinske Douna,,304
Chiropractic Medicine,,304
Slugterra - WildBrain,,303
Skills N' Talents (swimming),,302
Nicktoons,,302
The North Face,,300
Travel Tips by Laurie,,300
PBR,,300
AmusementForce,,299
European Coffee Trip,,295
JustGameplay_YT,,295
Andrew Masters,,294
Street Soccer International,,294
Pyrography Made Easy,,294
WILDERNESS COOKING,,293
Andrew Camarata,,293
Nobadaddiction,,293
MotoGP,,293
Josh Cahill,,292
MrBeast,,292
GTA Series Videos,,291
FORMULA 1,,291
NautiStyles,,290
Mason The Mason,,290
California Through My Lens,,289
Abdul Malik Fareed,,289
Cut,,289
CrossFit Mayhem,,286
eHowFitness,,286
Exploring Alternatives,,285
Real Wild,,284
Joe's Classic Video Games,,283
Sarah Jeffery / Team Recorder,,283
Jungle Survival,,282
BlueWorldTV,,282
SBS 옛날 드라마 - 빽드,,282
Gojzer,,278
Dashcam Roadshow,,278
Mix with the Masters,,277
4WD 24-7,,276
Kaelyn Grace Apple,,275
Dale Stone,,274
WALKS and the CITY,,274
Saturday Night Live,,274
MrAJWorks,,273
GameEdged,,272
Grant The Knight,,270
Janit Hewag,,270
NBCU Academy,,269
Johnny Test - WildBrain,,269
The Relaxing Town,,269
Rashida Hussain,,266
Hallmark,,266
Amazing Shots,,266
Cannondale Bicycles,,264
Visit Dubai,,263
Hessischer Rundfunk,,263
Oahu Surf Films,,262
Family Flicks,,262
The Local Project,,261
Mainely Flies,,261
FOBOS PLANET,,260
Airsoft CamMan,,260
Roma Fedorov,,260
DuckTravel走鴨旅行,,259
Astrum,,259
belmontvision,,258
theRadBrad,,258
Barker,,257
TheRussianGenius,,257
Noal Farm,,255
Venus Movies,,255
WOLFPACK ADVENTURES,,255
Nightmare PB,,254
Gentleman's Gazette,,254
Maths Town,,253
Adult Swim,,253
Horse Network,,253
World Athletics,,252
Don Joewon Song,,251
Pawsitive Vybe,,251
Gamer's Little Playground,,251
Cartoon Network UK,,250
WildBrain Max,,250
Peter Santenello,,250
Airliners & Ships Channel,,250
Insider,,250
Fashion and Style Edit,,249
mr taster,,249
Eddie van der Meer,,248
JerseyGroovyFilms,,248
Artisti Coffee Roasters.,,248
Jonathan Katz-Moses,,246
Top Gear,,246
The Supa Strikas - Kids Soccer Cartoon,,245
SPRAY DAILY,,245
NHRA,,245
OceanX,,244
Drift HQ,,243
Shoe Shine Street ASMR,,242
Chelsea DeNofa,,242
Obi Vincent,,241
Top Notch Lawn Care,,240
Gizmo Drones,,238
Netflix,,238
Premium Footage Planet,,237
Oliver Sjostrom,,237
FLAGRANT,,237
BYOT,,236
Hollow,,236
nonoASMR,,235
Pack Hacker,,235
Island Hopper TV,,235
Teo Crawford,,234
TIFF x DAN,,234
Doctor Eye Health,,232
The McKibbin Brothers,,232
Starboard Windsurfing,,232
The Kennedy Center,,232
Unicorn Academy - Official Channel,,231
Xavier Kickz,,230
Phương - Harvesting,,230
Rémy Métailler,,230
Learning the Harp,,229
Russell Tree Experts,,228
Drone Snap,,228
YELİZ GÜNAY TATTOO,,228
Blippi Toys,,227
Cornelius Quiring,,227
FortNine,,225
ChrisFix,,225
MKIceAndFire,,225
DOST-PAGASA Weather Report,,225
Grassroots Motorsports,,224
Fraser Wilson,,224
Status Coup News,,224
City Walks,,223
Make Something,,222
kend Işleri,,222
9 Story Fun,,222
Cake Making,,222
Everyday Astronaut,,221
Lifestyle Hal,,221
growwithjo,,220
Makeup,,220
KaaLel,,220
Eoin Reardon,,219
Flybubble Paragliding,,219
Top Rank Boxing,,219
Odell Complete Concrete,,218
Samuel Goldwyn Films,,217
Rachard Johnson,,217
经典大本营,,217
Regal,,217
takahashi taiyou,,216
ShowtimeWeb,,216
Food Network,,216
Kicking World Kicking Camps,,215
Handimania,,215
Wonder World,,215
The Paranormal Files (Official Channel),,215
Gordon Ramsay,,215
RESK 12,,214
Business Insider,,214
Luxy Hair,,214
Wade Papenfus - Offshore Tales,,214
Apartment Therapy,,213
The Fixer,,213
F.C. København,,213
Yummy Yammy,,212
GK Pro Disc Golf,,212
Priyanka Tiwari,,212
Wanderlust Travel Videos,,212
Nintendo of America,,212
The Crosbys,,211
The Food Ranger,,211
CareerOneStop,,211
Kurzgesagt – In a Nutshell,,210
Exotic Black TV,,210
乐视视频官方频道 Letv Official Channel,,210
Olympics Gymnastics,,209
Cleaning The Dirtiest,,209
hdRunners,,209
Jaw-Dropping Facts,,208
Haugen Racing,,208
lilsimsie,,208
Luge Сhannel,,207
Kidibli (Kinder Spielzeug Kanal),,206
Downshiftology,,206
The Key of Awesome,,206
DRAMA Voyage,,206
DIY Garden Ideas,,205
Gaming with Abyss,,205
THE TABLE,,204
B Bryant Films,,204
kimdao,,202
Gumbal,,202
Men With The Pot,,201
TGG - Global Emergency Responses,,201
Silver Cymbal,,200
LRN2DIY,,200
Talks at Google,,200
Racing TV,,200
Hair And Beard,,199
Dream Trips,,199
Partridge Exterior Cleaning,,199
Cartoon Hangover,,199
Weed 'em & Reap,,198
Tasty,,198
Debrup Travel & Films,,197
Chao Coffee and Tea,,197
ZDFheute Nachrichten,,197
Galileo,,197
Spark,,196
Baby Shark - Pinkfong Kids’ Songs & Stories,,194
Garden Up,,194
The Q,,194
Hardman Fishing Adventures,,193
BETTER Clocks,,193
Dark Arts TV (PARANORMAL),,192
Veteran Tree Service,,192
Daniele Vitale Sax,,192
National Centre for Circus Arts,,191
TulipColorCrafts,,190
Tottenham Hotspur,,190
Girl Talks Fish,,188
Highlight Heaven,,188
Zumba Class,,187
8K Paradise,,187
TheRelaxingEnd,,187
Wimbledon,,187
Cate Food Travel 凱特食旅,,186
Review Machines Worldwide,,185
Maupin Farrier Co,,185
Motorsports on NBC,,185
Glassblowing with Grant Garmezy,,184
Kənd Həyatı,,183
The Buddymoon,,183
Monster High,,183
Burn Savvy,,182
World Poker Tour,,182
Sony Pictures Entertainment,,182
Україна має талант,,181
Recording Academy / GRAMMYs,,181
Plastering For Beginners,,180
MTV,,180
Jamila Musayeva,,179
Dog Grooming by Diana Paiva,,178
Golden Salt,,178
Renbricks,,177
Speed Academy,,177
POUSE around the HOUSE,,177
Kai W,,177
Nature Walks,,176
FX Networks,,176
Military Archive,,175
Mobile Instinct,,175
RGYMRUSSIA,,175
Robin Greenfield,,174
AnimeSelect,,173
British Gymnastics,,173
MOVE Dance Studio,,173
30X40 Design Workshop,,172
H Carpenter,,172
AudioknapMusic,,172
Советские фильмы,,172
спектакли и телепередачи,,172
SHOWTIME,,172
Scary Bear Attacks,,171
Engineering Knits,,171
Cornell Lab Bird Cams,,171
mineralblu,,170
Coke Studio India,,170
Tai Chi with Dr. Andrew von Plitt,,170
Rotten Tomatoes Family,,169
ActionKid,,169
Christie's,,168
Shifter,,167
Max,,167
Aviation Base,,166
djstrains,,166
Drift Masters,,166
Crowne Prince,,165
8K VIDEOS ULTRA HD,,165
the Brazil Show,,164
Essential Craftsman,,164
GLORY Kickboxing,,164
Henry Repeating Arms,,163
Relaxing Nature In 4K,,163
Marques Brownlee,,163
withwendy,,163
Street Style Stockholm,,163
FOX Sports,,163
Flight Time,,162
ASMR Shoeshine&Repair Dratewka,,162
Taylor Tries,,162
Relaxing Melody,,162
Foldable Flight,,162
SPOTLIGHT,,161
MrDalekJD,,161
Nature Relaxation Films,,160
Nintendo Official Channel (Southeast Asia),,160
123 GO!,,160
letsdig18,,160
Slow-Mo Tennis,,158
USA Thrill,,158
Mighty Mike,,157
Seoul Street View,,156
Waves of the World,,156
BikeBlogger,,155
Cloudbabies,,155
World Of Luxury,,154
FISU,,154
Moszen,,153
Ross McCallum,,153
EpicTV,,153
Roman Fox,,152
Göran Winblad,,152
You Suck At Cooking,,150
SpongeBob SquarePants Official,,150
Let's Go Dream Dolls,,150
Chris' NYC Hot Dog Stands & More!,,149
BlacktipH,,149
Power Slap,,149
Wisecrack,,149
U.S. Association of Blind Athletes,,149
Professional Darts Corporation,,149
Cyberpunk 2077,,148
JoBlo Movie Clips,,148
NJShoreBeachLife,,148
Secrets of Organ Playing,,148
SpaceX,,147
What If,,147
One Tree Planted,,147
Netflix India,,147
正午阳光官方频道,,147
Kuma Films,,146
Walk China 行走中国,,146
AR12Gaming,,146
Theme Park Worldwide,,146
Zurich The Best City In The World,,145
Paper Planes Channel,,145
SMTOWN,,145
Hoop Sports,,144
Skizone,,144
딩고 뮤직 / dingo music,,144
AllAttack,,144
Birder King,,144
Gam3 4 Lif3,,143
Happy Toy Dolls,,143
Sesame Street,,143
Alpha Beta Gamer,,143
Universal Pictures Australia,,142
nearLucid,,142
Smith & Wesson,,142
NorthernBrewerTV,,142
Barbie,,142
World Aquatics,,142
Chuck Black,,141
Monzonation,,141
Great Big Story,,141
베티버 리사이클 스튜디오 VETIVER Recycle Studio,,141
Stanford,,141
Ollie Craig - Primal Pursuit,,140
Semide ASMR,,140
Trifecta Pilates,,140
PBS KIDS,,140
Harvard University,,140
jackfrags,,140
Petzl Sport,,139
Simply Hiking,,139
Gonzo's Pinball Flipperama,,139
Animenz Piano Sheets,,139
SeniorShape Fitness,,138
Hadyn Wiseman,,138
Sifu Kuttel,,138
Alpsport,,137
Little Star CC,,137
Joey Helms,,137
Monster World by KinoCheck,,137
Walk East,,137
Sagonia Lazarof,,136
Wheels,,136
Ben's Watch Club,,135
HD1080ide,,135
KHelga,,135
SUMO PRIME TIME,,135
Tips and Hacks,,134
Olympics Aquatics,,134
FILM.UA Group,,134
Delish,,134
Vogue,,134
Fancy Cakes,,134
NATIONAL - Farming Documentary,,133
The Piano Guys,,133
Sony | Camera Channel,,133
TangoNuevo TV,,133
Travel World XP,,133
KRAV MAGA TRAINING,,133
Audemars Piguet,,133
TNA Wrestling,,133
Warner Bros. Pictures,,133
BackPacker Steve,,132
Like Olga,,132
Red Bull BC One,,132
Westie,,132
Smash Time Productions,,132
AirPano VR,,131
Aerial Landscapes,,130
RailCowGirl,,130
Badminton Ham,,130
Antonelli Baseball,,130
Curling Canada,,130
NoahJ456,,130
International Rocket Launches,,129
The Loud House,,129
Crazy About Fly Fishing,,129
Vic Firth,,129
Ultimate Gamerz,,129
Aaron Mott,,129
United Taps - Tap Dance Lessons,,128
Yacht Addiction,,128
National Geographic India,,128
djxatlanta,,128
El Escoces gamer,,128
Hair Hood,,127
Saikanth Krishna,,127
DreamWorksTV World,,127
LFA Fights,,127
WIRED,,127
Nintendo DE,,127
MovieLoad,,126
Adam’s English Lessons · engVid,,126
Mountain Rug Cleaning,,125
Nicole Coenen,,125
PokerStars,,125
Learn How to Sign,,124
프로세스 케이 Process K,,124
AEROBIC DANCE,,124
PsycheTruth,,123
Steven Ndukwu,,122
Flix For Free,,121
Emojoie,,121
DAS Bookbinding,,121
Jadon Grundy,,121
20th Century Studios,,121
Kid vs. Kat - WildBrain,,120
Art Painting Workshop,,120
Jackson Hole Mountain Resort,,120
NW Fishing Secrets,,119
Plant Based Bistro,,119
Red Bull Bike,,119
Natural Beauty & Scenes,,119
Polo Fields Lawn Service,,118
Zurik 23M,,118
Ivanhoe Cycles,,118
PrettyNflawed,,118
60 Minutes,,118
Untold History,,117
Nick Fry,,117
Jake Paul,,117
Danny Gevirtz,,117
ESL Counter-Strike,,117
Andy Simon,,117
Marty Music,,117
King Creative Official,,116
VIVIENNE & TAMAS,,116
Brandon Li,,116
A ROD,,116
Women Hooping,,116
HenleyRoyalRegatta,,116
SonyMusicIndiaVEVO,,116
Japan BackpackersXpress,,114
Amazon Prime Video UK & IE,,114
Blacksmith Girl,,114
Gamer Max Channel,,114
Foot and Ankle Associates of North Texas,,113
Kraig Adams,,113
Coaster Studios,,113
FloRacing,,113
Florian Gadsby,,112
Stacked Homes,,112
龙梅梅Longmeimei,,112
FloBikes,,112
fastpitchmedia,,112
GlamourDDive,,111
TeenVee,,111
Below the Plains,,111
Nintendo 公式チャンネル,,111
MindFlex,,110
Dope As Yola,,110
SXSW,,110
Netflix Philippines,,110
ECD Lacrosse,,110
JaidenAnimations,,109
WB Kids,,109
Blender Studio,,109
Theme Park Review,,109
chad kauten,,109
Nintendo España,,109
UCI,,109
Mark Rober,,108
Motor Yacht Loon,,108
BIG CHEF COOKING,,108
Pick Up Limes,,108
SlamBall,,108
Skylite Productions,,108
JoBlo Animated Videos,,108
Balance Beam,,108
Tuyet Aerobics,,107
Tipsy Bartender,,107
메가프로세스 Mega Process,,106
Railway Emotions,,106
BBC Strictly Come Dancing,,106
Power Volleyball,,106
Mike Shake,,105
Go Groomer,,105
World Dance New York,,105
GLID Gaming,,105
ECG WORSHIP SONGS,,105
TRIBE OF JUDAH,,105
StorylineOnline,,105
Mr Bean TV,,105
Ichika Nito,,104
Sand Castle Building - Andy Hancock,,104
Didge Project,,104
Cecilia Blomdahl,,104
This Old House,,104
Sotheby's,,104
Windies Cricket,,103
湖南国际频道 Hunan TV International  Official Channel,,103
Formula DRIFT,,103
Nomads With A Purpose: Adventure Travel Family,,102
JSHorsemanship,,102
CHANEL,,102
Fitment Industries,,102
ClaireCats,,102
hickok45,,102
Nintendo France,,102
Joseph Solomon,,101
Daily Dose Of Laughs,,101
Corning Museum of Glass,,101
AQHA Video,,101
America's Test Kitchen,,101
Komar Project,,100
ROPE WORK,,100
Screamfest,,100
Kay's Clay,,100
CelloDeck 첼로댁,,100
Elite WalkThroughs,,100
amc+,,100
YumYum얌얌,,99
Hulu,,99
World Curling,,99
People Are Awesome,,99
Sissy Spaces,,98
321 Relaxing - Meditation Relax Clips,,98
Black Mandala Films,,98
Joel Howley,,98
ELLE,,98
The Ingham Family,,98
bigtractorpower,,98
5rova,,97
Konstantin Baum - Master of Wine,,97
Silo Entertainment,,97
SVF TV “Stock Video Footage TV”,,97
Little Chinese Everywhere,,97
Kustorez,,96
COMPUTER BILD,,96
Hop Hop the Owl,,95
Flying with Rich,,95
Glamour,,95
EvanEraTV,,95
Costantino Carrara Music,,94
JP - Mansion Tours,,94
19Bozzy92,,94
IBSF Bobsleigh & Skeleton,,94
The Deep,,93
Insect hunting,,93
MasterChef On FOX,,93
Emma.Equestrian,,93
House & Home,,92
Floret Flower Farm,,92
DAZN Fußball International,,92
carwow,,92
Ayberk MusiC,,91
Fazal Sharif,,91
Refinery29,,91
Pro Motocross Championship,,91
Lackadaisy,,90
Studio McGee,,90
NPR Music,,90
Love of Grooming,,89
PLAY SPORT,,89
Relaxing Walks,,89
Rocket Swimming,,89
4K Clips And Trailers,,89
Thomas & Friends,,89
MindYourGames,,89
Strong Media,,89
BikeRadar,,89
Hai Anh Aerobics,,88
Disney Plus,,88
Moonbug Kids - Robot Cartoons,,88
NOWNESS,,88
Ukulele Wine Time,,88
SurferToday,,88
Caroline Girvan,,88
Voyage,,88
Disney XD,,88
Worker with hands,,87
TeaserPlay,,87
MARSHALLTOWN,,87
Khelpedia ®,,87
Filmsupply,,87
GOBELINS Paris,,87
Titi Toys and Dolls,,87
Airsoft Alfonse,,87
Random Things,,87
ErikTheElectric,,86
Big Muscles,,86
SpeedoInternational,,86
99Techspot,,86
Wood Mood,,86
Cali Condor,,86
Rare Earth,,85
1320video,,85
PeterBjorck,,84
Essen Recipes,,84
blue hippo films,,84
Emily Noel,,84
Art Theory,,83
Adam Ondra,,83
HP DIY Farming,,83
Outperform,,83
Vlad and Niki,,83
GTX 1050 Ti,,83
Metallica,,83
Amazing Scenic Drives,,82
Bobby White,,82
The Sims,,82
EpicTV Climbing Daily,,82
Martijn Doolaard,,81
Claws,,81
Jake Frew,,81
Soft White Underbelly,,81
Kerala Tourism,,81
TheBruSho,,80
TheOdd1sOut,,80
DVDFilmBonus,,80
Netflix After School,,80
腾讯视频 - 纪录片 - Get the WeTV APP,,80
Troom Troom SELECT,,80
Lionsgate Movies,,80
Universal Pictures,,80
MCN - Motorcyclenews.com,,80
eHowSports,,80
Delack Media Group,,79
Self Defense Tutorials,,79
Cake Cake,,79
The Walking Dead,,79
Columbia University Irving Medical Center,,78
Foxes - Raw & Wild,,78
FreeDawkins,,78
Greyhound Racing,,78
Abroad and Hungry,,77
Camp Lakebottom - 9 Story,,77
Ride with Clara,,77
Regular Show,,77
Netflix Anime,,77
Lost Lakes,,77
NASA Goddard,,77
Squat University,,77
Psychedelic Zen,,76
Cinderella Sew,,75
TUK Crafts,,75
Nikolai Schirmer,,75
Peaceful Relaxation 4K,,75
Beauty of Science,,75
목공TV,,75
Call of Duty,,75
Munchies,,75
The Cincinnati Zoo & Botanical Garden,,75
Disc Golf Pro Tour,,75
Playing For Change,,74
Unicycle.com (UK),,74
滇西小哥 Dianxi Xiaoge,,74
Harper's BAZAAR,,74
Adam LZ,,74
10GALLEN81,,74
Doughnuts,,74
NSSF—The Firearm Industry Trade Association,,73
vkgoeswild,,73
WaxFraud,,73
Bricksane,,73
AMPISOUND,,73
Eater,,73
CWSA,,73
ARRIChannel,,72
London Symphony Orchestra,,72
Clarence,,72
Allie Sherlock,,72
The Waterski Broadcasting Company,,72
Tim Milgram,,71
Wild Kratts - 9 Story,,71
iLL Flow,,71
DisneyMusicVEVO,,71
Sơn Thôn,,70
Erik Aanderaa,,70
Focus Features,,70
HYBE LABELS,,70
Irgendwas mit ARTE und Kultur,,70
College Bound Jocks,,70
GDK Stock Video,,70
ARTEde,,70
Tomorrowland,,70
UNTRODDEN WORLD,,70
Everyday Food,,70
Aerial Earth 🌎,,69
Her 86m2,,69
FunForLouis,,69
SAM THE COOKING GUY,,69
相信音樂BinMusic,,69
HCL Poker Clips,,69
NewYork-Presbyterian Hospital,,68
MAGNETFILM,,68
Modern House Cabin,,68
Sealey Tools,,68
Sewing at Home Mom,,68
Bé Cá Đồ Chơi,,68
Life with Malamutes,,68
Citrus,,68
Stodeh,,68
EARTH STORY,,66
Dubai Travel Guide,,66
jaybyrdfilms,,66
Insider Food,,66
The Voice,,66
Vans,,66
Nobel Prize,,66
PRIMAL EARTH,,65
UnCappedProductions,,65
BUSHCRAFT: OUTDOOR ADVENTURES,,65
SA Skydiving,,65
Apple TV,,65
Prowalk Tours,,64
Chrysler Museum of Art,,64
World of Warcraft,,64
Hakan Karahan Doğada,,64
AFH Projects,,64
Yar,,64
Calisthenicmovement,,64
Louisiana Channel,,64
DJ Mag,,64
America's Got Talent,,64
GameV,,64
WackenTV,,64
Yammie Noob,,64
Outdoor Therapy,,64
Handsome Nature,,64
Team USA,,64
shurap,,63
The Art of Metalsmithing,,63
Luke Combs,,63
Mike Tytula,,63
Kerni FPV,,63
Alt Shift X,,63
Q-dance,,63
Rocks Cousteau,,63
Patagonia,,63
Audrey Victoria,,63
SUPER RUGBY PACIFIC & TRC,,63
Nasjonalparkriket,,62
Nintendo Mobile,,62
Kinderoutdoor Kinderoutdoor,,62
L'AGENCE,,61
THE-LOWDOWN.com,,61
TechSource,,61
Men's Health,,61
면상호[NoodleFighter],,61
FIS Freestyle Skiing,,61
Rene ASMR,,60
VC Adventures,,60
Nikola Horvat - Tesla,,60
Grill Top Experience,,60
April Yang,,60
Smoke,,60
Pixar Cars,,60
BeaverCraft,,60
FIS Cross Country,,60
blacksmifh,,60
ARTE,,60
Curious George Official,,60
Justin Lee,,60
Aniplex USA,,60
Iraqveteran8888,,60
Ed Pratt,,59
DisKirra,,59
Amerra Medical,,59
RockThatSwing,,59
Japanese Tools Australia,,59
Masha and The Bear,,59
Kevin Talbot,,59
Epicurious,,59
SomersetCricket,,59
Olesya & house,,58
ActionAdventureTwins,,58
Hitesh KS : Hindi Gaming,,58
Starting Strength,,58
TheTopher,,58
CodyBPyrotechnics,,58
Mike Less - Farmhand Mike,,58
Africa Travel Channel,,58
Inside Lacrosse,,58
Dexter's World,,57
Nick DiGiovanni,,57
Red Bull Snow,,57
Fares Ksebati,,57
VacLab,,57
Vevo,,57
ONLY in JAPAN * GO,,57
Victoria Witthinrich,,56
Kohl's Kicking Camps,,56
Screen Junkies,,56
Wang's record,,56
Jaume Soler Movies,,56
SurajFineArts - Abstract ART,,56
Newsshooter,,56
VIFF,,56
TeachMeGrappling Coach Brian,,56
Picture Pulse,,55
tugce dumlupinar,,55
ALL in 4K,,55
Jurassic World Kids,,55
varlamov,,55
Everyday washing dishes is easy. How to.,,55
Lord's Cricket Ground,,55
NintendoAU,,55
ikfchannel,,55
Liam Brown,,54
More Aquarium Co-Op,,54
ThinLineMedia,,54
Ben 10,,54
Roman Hense,,54
Dr Joseph Cipriano DC,,54
Dude Perfect,,54
PPO,,54
Школа Вязания с Катериной Мушин,,54
Matsimus,,54
Black Mountain Honey,,54
Wood By Wright How To,,54
Indoor Cycling Videos,,54
The New Yorker,,54
PBS America,,53
Explore India,,53
wild camp,,53
Greyhound Coursing club,,53
Ali Spagnola,,53
Skid Kids,,53
chatpat toy tv,,53
Gabriel Varga,,53
First We Feast,,53
DansTube.TV,,53
Gingium,,53
Baby Shark Official,,53
Excavator Cambodia,,53
Shiho Masuda,,52
Northern Wild Harvest,,52
Kanishk Gupta,,52
StyleLikeU,,52
pigmie,,52
FloMarching,,52
LockPickingLawyer,,52
Edgar Bombril,,52
JB ONeill,,52
Bon Appétit,,52
COLORS,,51
Relaxing Campfires,,51
Rabbids Invasion,,51
Ash and Summer,,51
Food52,,51
235FireFly,,51
RecipeTin Eats,,51
PeruseProject,,51
Canyon Bicycles,,50
Rajiv Surendra,,50
Alessio Lacco,,50
DK-Aerial,,50
Daybird Sanctuary,,50
Marshal No Commentary,,50
Matty Bowman,,50
COOP3RDRUMM3R,,50
JoJo's World,,50
NIGHTRIDE,,49
Free Stock Footage 89,,49
Space Videos,,49
Children's Hospital Colorado,,49
World Rowing,,49
The Amazing World of Gumball,,49
GoldieMatic,,49
MovieTime Hollywood,,48
Mr LuckyFrog,,48
marchingmusicde,,48
Flyt Foto Creativ,,48
Reflections of Life,,48
Humanitas,,48
LoungeV Films - Relaxing Music and Nature Sounds,,48
Orphaned Wildlife Center,,48
Brennen Taylor,,48
Polychronis Drone,,48
Let's Explore,,48
Rene ZZ,,48
This Esme,,48
Parents !,,48
KayakSessionTV,,48
Kosmo,,47
Polonez San Diego,,47
Red Bull Surfing,,47
Tactical Rifleman,,47
Lowe's Home Improvement,,47
iTrain Hockey,,47
Natali Bullock,,47
Allie Glines,,47
EchoBeluga,,47
Attractions 360°,,47
Dustin Williams,,47
Sony India,,47
Beau Miles,,46
HD Knots,,46
Eric - 8K Nature Film,,46
Norway with Pål,,46
Real Simple,,46
Food Network Canada,,46
FNATIC,,46
Red Arcade,,46
Relaxing House Sounds,,45
Mr. M,,45
Soothing Nature Escapes,,45
DW Documentary,,45
GUCCI,,45
Relaxing Soundzzz,,45
Pogo,,45
We Bodyboard,,45
HD Melbourne Aviation,,45
Oggy & his friends,,45
Viator,,45
New York Philharmonic,,45
Soultone Cymbals,,45
DirtFish,,45
NDR Doku,,45
Shaves and Massages,,44
Animated,,44
Airplane Mode Channel,,44
Magical Fireplace Flames,,44
8K Video Art,,44
Easy Cooking,,44
АРТ Клякса,,44
Michael Casagrande,,44
PastimeAthletics,,44
GameClips,,44
Infinite Visual,,44
A Concord Carpenter / ToolBoxBuzz,,44
TDi Media,,44
하이푸디 HiFoodie,,44
야미보이 Yummyboy,,43
Flexshow,,43
STORROR,,43
Peter McKinnon,,43
Fairyland Cottage,,43
Safari Wonders 4K,,43
PbNation Paintball,,43
TheStradman,,43
International Federation of Sport Climbing,,43
Farming Fixing & Fabricating,,43
KickinTheirBASSTV,,43
Simply Railway,,42
Finny The Shark,,42
World Footvolley,,42
Eugenia Diaz,,42
Sur Ronster,,42
Adventures with BENG!,,42
Go To Space,,42
Chef Grandma Cooking,,42
Adrian Sanso-Ali,,42
Jon Olsson,,42
Lakewood Church,,42
SilentMike,,42
Amp World,,42
MAX,,42
Sharp Tamil Gaming,,42
Give it a Grow,,42
Mrwhosetheboss,,42
Aamchi Mumbai,,42
Dokter Gigi Tri Putra,,42
Vania Mania French,,42
Japanese Bakery Tour,,41
Relaxing Scenes - Driving,,41
Prop Clear,,41
Ottawa Public Health,,41
STREAM WARS,,41
NBCivicTheatre,,41
BeyondGrappling,,41
IndianRaga,,41
AudioPhil,,41
Red Chillies Entertainment,,41
THE ENCHANTED VILLAGE OF PINOCCHIO,,40
MILAN ON TREND,,40
Major League Paintball,,40
الاسطي ELOSTA,,40
Guangdong Lightful laser (Kitty Lyu),,40
Outdoor Boys,,40
Ahmad Tea,,40
Mike Day Concrete (Everything About Concrete),,40
Kirsten Dirksen,,40
Quiksilver,,40
Xureila,,40
Rhia Official,,40
Lebanese Weddings,,40
Mr JWW,,40
NOVA PBS Official,,40
KAZAN,,40
Gardening Australia,,40
Paul Stamets,,39
Forest Film Studio,,39
Dead Sound,,39
The House Bowling,,39
Jog for Joy,,39
Jago Hazzard,,39
Arc'teryx,,39
American Ninja Warrior,,39
Zak George’s Dog Training Revolution,,39
Marion's Kitchen,,39
Juggernaut Training Systems,,39
Coco der Neugierige Affe,,39
Marvel HQ,,39
WOW Bear - Official Channel,,39
VMS Construction,,39
ThirstyHyena,,39
Animal Shelter,,39
Teton Gravity Research,,38
Clippedinandfree,,38
Coffee Breaks & Soundscapes,,38
Art21,,38
J Utah,,38
Joy Of Gaming,,38
CaseyNeistat,,38
Egameplay4U,,38
Tomasz Strzelczyk ODDASZFARTUCHA,,38
Dr. Shereene Idriss,,38
George Mouse,,38
Nitro Circus,,38
Modern Movement Creative Inc,,37
Woodworking Tools,,37
André Musgrove,,37
How To Sand A Floor,,37
Tractor Ted,,37
The TRY Channel,,37
DKGames,,37
Sros Yummy Cooking Vlogs,,37
TODES,,37
efood,,37
Atlantis Sports,,37
Keila Roque,,37
Crazy Frog,,36
FullHDvideos4me,,36
Michael the Dentist,,36
No Laying Up,,36
Sci-Fi Central,,36
Toads N Frogs,,36
The Salon Life,,36
Good Housekeeping,,36
kristabrusso,,36
MRXHindiGaming,,36
BrainPilot,,36
The Craft Beer Channel,,36
Teddy Baldassarre,,36
BBC Earth Science,,36
Mrs macarons마카롱여사,,36
8K Relaxation Channel 시네마틱아카이브,,36
Provincial Health Services Authority (PHSA),,36
Liam Pattison Photography,,36
Washington Life,,36
Dodgeball Seattle,,36
Our BMX,,36
Steve the Bartender,,36
Wandering Momentz,,36
Comedy Talkies,,36
SwimUp,,35
William Hanson,,35
Cyber Landscaping,,35
Team Liquid Honda: League of Legends,,35
Branch Education,,35
Amelia Newcomb Dressage,,35
My personal journal outdoor,,35
Architectural Digest,,35
Best Ever Food Review Show,,35
Victoria and Albert Museum,,35
Huw Richards,,35
allthingsbbq,,35
Zach Choi ASMR,,35
YAKfilms,,35
Well Go USA Entertainment,,35
I'mJette,,35
Elphick.Event.Ponies,,35
푸드스토리 FoodStory,,35
Nintendo HK官方頻道,,35
MeatEater,,35
Walks & Wall Street,,35
SimplySoccer,,35
TechZone,,35
Wheels to Wander,,34
Andraz Egart,,34
Roadtrip Ramblers,,34
Ninja Frog,,34
Three Little Goats Homestead,,34
Fix This House,,34
AniClimax,,34
Hausgemachte Rezepte,,34
Peak Performance,,34
DW Classical Music,,34
GreekReporter,,34
darbarfestival,,34
Punish,,34
Steven Universe,,34
Vietnam Travel Guide,,34
ASMR shoe shine Fausto Arizmendi,,34
Blogothèque,,34
MySwimPro,,34
ACTIVE FPV,,34
MarioPartyGaming,,34
Discover Nippon,,33
Glendale Fire Training Videos,,33
INTO THE WORLD 4K,,33
DTeK,,33
Shopping On Champagne,,33
amabelle,,33
Expedition Evans,,33
Dead by Daylight,,33
This Does Not Compute,,33
Uuden Musiikin Kilpailu,,33
Arizona Ambience,,33
Motorsport UK,,33
Avengers Racing,,33
Adventure Time,,33
Indian Food Explorer,,33
Andy Cooks,,33
Tanner Shuck,,33
MadFit,,33
The Land Before Time,,33
Apfelwelt,,33
Riding Zone,,33
WooHoo WHOA,,33
iKnowReview,,33
BBC Earth Unplugged,,33
Throw Back TV,,33
UE Sound,,32
Snoopy,,32
My Microscopic World,,32
Jamie's Journey,,32
Ultra Relief,,32
DyingLlama,,32
FNF Entertainment,,32
Gillette,,32
Kids2Kids,,32
HeavyDSparks,,32
Cargospotter,,32
Judo Highlights,,32
Official Pink Panther,,32
Transit bites,,32
FishAholic Fishing,,32
Winds of Love,,32
K9 Clipz - Dog Grooming tips,,32
Michelle Briehler,,32
NickandCarrie,,32
RobCosman.com,,32
Еда на любой вкус,,32
Paul Birder,,31
Hollywood Ambience,,31
Rusty Shades Restoration,,31
PlayOverwatch,,31
Gears and Gasoline,,31
Atomic Skiing,,31
Fun Endeavors,,31
Cowboy Kent Rollins,,31
Jiggin' With Jordan,,31
scottbrothersduo,,31
강형욱의 보듬TV,,31
The Children's Museum of Indianapolis,,31
JINESH GAMING,,31
Peacock jr,,31
DutchMotorsport,,31
Beautiful Relaxation,,30
miromiro,,30
Beautiful Destinations,,30
DW History and Culture,,30
DreamWorks Madagascar,,30
Down2Mob Overland,,30
TheStraightPipes,,30
Bike Magazine,,30
UP wood art,,30
Paul Fey,,30
Total Running Productions,,30
Kali Center,,30
Recipe30,,30
Nick Bare,,30
Los Angeles Chess Club,,30
MotorPowerForce,,30
Russel Orhii,,30
Babish Culinary Universe,,30
TC2,,30
美食作家王刚,,30
Montreux Jazz Festival,,30
Pinball Shenanigans,,30
ForbesWomen,,30
The Reptile Zoo,,30
TEO Garden,,29
Amakandu,,29
Bella Coco,,29
Maroon 5,,29
SensiblePrepper,,29
Coachella,,29
Matt's Ice Cream Show,,29
Seoul Travel Walker,,29
growingannanas,,29
Shadiversity,,29
Buildofy,,29
Legendary Productions,,29
GreatFlyer,,29
Monster Mike Fishing,,29
Will Atherton Canine Training,,29
Aviation Attract,,29
Jonas Falk,,29
FightCamp,,29
Rail Spike Productions,,29
Free Spirit Equestrian,,29
Charlie Berens,,29
Ultimate Military Channel,,29
봉길이 Bonggil,,29
The Dog Daddy,,29
한식진흥원_ Korean Food Promotion Institute,,29
GadgetByte,,29
Centre for Independent Studies,,29
Movie Recaps,,29
How to tie a tie,,28
DancingBacons,,28
World of Dinosaurs,,28
Switzerland,,28
Shudder,,28
MidwayUSA,,28
jezvlog,,28
Mooresville Ripfest Diving Club,,28
DreamToon Show,,28
Reptiliatus,,28
Windsurfing.TV,,28
Greg Blanchard,,28
Bluey - Official Channel,,28
XSRAtv / Xtreme Speedway Racing Action,,28
Syncopated Ladies by Chloe Arnold,,28
Peter Rabbit,,28
PexBell,,28
ProWater,,28
Slap Fighting Championship,,27
Red Bull Cliff Diving,,27
Teenage Mutant Ninja Turtles,,27
Anton somewhere,,27
Kara and Nate,,27
Martin Fabian,,27
Shirazi village vlogs,,27
Discovery Relaxation,,27
IJA Jugglers,,27
Patrick Adair Designs,,27
Omeleto,,27
Poland Travel,,27
On Ice Perspectives,,27
Stock Footage by Fearless Media,,27
Underground Explorer UK,,27
Strength Side,,27
Preppy Kitchen,,27
MLW Wiffle Ball,,27
American Dental Association (ADA),,27
Retro Ralph,,27
Nick Pro,,27
Charlie Follows,,27
Alan Thrall (Untamed Strength),,27
Piggy Soap ASMR,,27
The Fish Guys,,27
Keep It Weird,,27
THE GARFIELD SHOW OFFICIAL 🇺🇸,,27
AnimalWised,,27
Basteln mit Papier,,27
DrDaveBilliards,,27
Walt Disney Animation Studios,,27
Seattle Tree Care,,26
Enes Yilmazer,,26
Wind Walk Travel Videos ʬ,,26
Matt Steffanina,,26
England Netball,,26
Clean That Up,,26
Isle of Man TT Races,,26
Joshua Weissman,,26
Canada in the Rough,,26
Brittany Vasseur,,26
Zeelicious Foods,,26
Ninja Training TV,,26
Mega Moments,,26
North Country Trains,,26
FASHION,,26
Clever Hacks,,26
Die Maus,,26
Animalogic,,26
tzuyang쯔양,,26
the Luxury Travel Expert,,26
DRD Vacuums,,26
Go Wild,,26
The Bioneer,,26
gm__golf,,26
iDest,,26
Hammarby Fotboll,,26
Rick Bayless,,26
BENIDORM TOURIST TODAY,,25
wrapping gift,,25
Pablo Cimadevila,,25
PEACEFUL MIND,,25
찐푸드 JJin Food,,25
Seeweb FPV,,25
Spotting Point TV 4K,,25
Chef Jack Ovens,,25
Heiva i Paris - HiP's League,,25
Not What You Think,,25
VIRTUAL JAPAN,,25
Tasty Inside,,25
BenDeen,,25
Tucker Gott,,25
Red Bull Air Race,,25
LONDON CITY WALK,,25
HD Video Library - No Copyright Footage,,25
Fulling Mill Fly Fishing,,25
Flying Master,,25
MasterChef Pankaj Bhadouria,,25
Vogue UA,,25
Sony Pictures SA,,25
설기양SULGI,,25
Jesse James West,,25
The Trapeze Net,,25
And 5678 Line Dance Class,,25
Monster Hunter,,25
ALFIE EATS,,25
Canon Solutions America,,25
FA GAMEZ,,25
Darren Tang,,25
Average Rob,,24
Village Carpathian cuisine,,24
Jason Momoa,,24
devinsupertramp,,24
Sridevi Nrithyalaya,,24
Vito Iacopelli,,24
7mlc,,24
THAI FIGHT INTERNATIONAL,,24
Entertaining With Beth,,24
Pixadisc,,24
Jerome Mervelet,,24
My Happy Pets,,24
OZZNER,,24
The Handyman,,24
Blue Cactus Dairy Goats,,24
Fishing With YakPak,,24
sgprolab,,24
Leo Lausemaus,,24
The Luxury Home Show,,24
Tomographic,,24
Gimbal God,,24
davidsjones,,24
NYT Cooking,,24
Knot Master,,24
Pizza and Luna,,24
СВІТ НАВИВОРІТ,,24
Caitlin Shoemaker,,24
hv apex,,24
4K Flights,,23
8K Exotic Animals,,23
BioNetwork,,23
Keith Johnson Woodworking,,23
4K Ocean World,,23
Epic Gardening,,23
Kitesurfing Official,,23
Jeff Nippard,,23
Pacific Northwest Ballet,,23
AQUAHOLIC,,23
UKClimbing,,23
bluetvsports,,23
Zip Zip [English Official],,23
Dubai Sotheby’s International Realty,,23
123 GO! SCHOOL German,,23
Free 4K Stock Videos,,23
Free Stock Footage,,23
Phillips,,23
문복희 Eat with Boki,,23
Johnny's War Stories,,23
CaptainHook TreeClimbing,,23
Little P’s World,,23
Alexa Real,,23
Clau Reads Books,,23
RAWWFishing,,23
Go Places Pro,,23
Freshly Charged,,23
Bengali Fish & Fishing,,22
TPM Travel Documentary Films,,22
Halloween Eye,,22
Zenso Relaxation,,22
Cinema Calendar,,22
The New Reality Paranormal,,22
Kite Flying and Kite Festivals,,22
RESAKS GRAFFITI,,22
April Wilkerson,,22
Drummond Golf,,22
슈앤트리 SHU AND TREE,,22
RoyaltyFree — Videos for content creators,,22
Fooster,,22
Miarti - Sewing Tips,,22
NEVER TOO SMALL,,22
Rokolee DIY,,22
CFL Highlights,,22
Matchroom Multi Sport,,22
Freeride Inc. Austria Mountainbike - Ski - Vanlife,,22
Krypto Trekker,,22
Healthy Feet Podiatry,,22
Animation World Network,,22
ASMR Mass Massage,,22
SENSEI,,22
Design Seed,,22
HowToBasic,,22
Disney Princess,,22
KamovRider,,22
Ultimate Baseball Training,,22
Nika Ritshel,,22
손맛할머니 sonmat,,22
UMF TV,,21
Short Frame: Award Winning Short Films,,21
GlamFam Hair & Beauty,,21
Hello Sewing,,21
FUJIFILM X Series,,21
JavaJazzFest,,21
Louis Vuitton,,21
Aaron Palmer | Low n Slow Basics,,21
Official Sahi hai,,21
Easy Paper Origami,,21
Asian Cricket Council,,21
Bluegabe,,21
IBEX Training,,21
Sakramel,,21
ROC NYC,,21
RedExions,,21
Traxxas,,21
Robbie Hislop Shearing School,,21
Pierre's Elite Performance,,21
China Cultural Center in Copenhagen,,21
Life in Canada by Lusy,,21
Mostly Walking,,21
The Gardening Channel With James Prigioni,,21
Sam Chui,,21
Ralph Lauren,,21
EmiratesTeamNZ,,21
대한양궁협회 Korea Archery,,21
Muskoka Freerider,,21
SimFlightPro // SimWorldPro,,21
BLK BOX,,21
Cheesy Buzz,,21
Fibers_art,,20
JLNRaw,,20
Thomas Flight,,20
TheSilentWatcher,,20
Yoga With Adriene,,20
Random Golf Club,,20
Adventure Racing World Series,,20
Sydney Opera House,,20
Jp Stephens,,20
David Erick Ramos - Ocarina,,20
El Estepario Siberiano,,20
BlueStone,,20
SHREDBOTS OFFICIAL,,20
playpoi,,20
Kentucky Ballistics,,20
InsecthausTV (Insecthaus),,20
Val Thorens,,20
Amber Scholl,,20
TrailerSpot,,20
HUBLOT,,20
SFD,,20
Amazing Fishing Boss,,20
Moto Doggo,,20
Perfect Pair,,20
Flower Joos,,20
Анастасия Винтаж,,20
Musclecars Universe,,20
Adam Botkin,,20
Derek Lunsford,,20
olympicvancouver2010,,20
Inchcape Audi,,20
Genevieve's Playhouse - Learning Videos for Kids,,20
Illumination,,20
Elina Fedorova,,20
BeardMeatsFood,,20
JAPANESE SHAMPOO ASMR,,20
Maria Draganova,,20
KRAZAM,,19
VALORANT,,19
HowNOT2,,19
DOCUMENTARY TUBE,,19
Huyana Beauty,,19
FSLL,,19
Vadim in the WILD,,19
Sarah Homfray Embroidery,,19
Kaleigh Cohen Strength,,19
Chef Raphael,,19
EliasVFishing,,19
Matt Jones,,19
Strolling The City,,19
Double Fault,,19
KidKrappie,,19
Piano Relaxing,,19
ForFilm Creation,,19
Red Summit RF,,19
CALINA BROTHERS,,19
FOOD DILEX,,19
Jessica Valant Pilates,,19
Stefan Langer,,19
Ryan Knorr Lawn Care,,19
hard2hurt,,19
MonsterTruckLord,,19
Silas Noyes,,19
YBS Youngbloods,,19
Joey Suggs,,19
Tee Cee,,19
Rebels Wrestling,,19
Jurassic World,,19
Lydia Tomlinson,,19
YG ENTERTAINMENT,,19
DezoDrones,,19
Hello Korea,,19
Infobells - Hindi,,19
Chef Neha Deepak Shah,,19
MonsterTruckReels,,19
Crafty Concepts with Erin,,19
Champion de Chile,,19
Dirk Schouten,,19
UWH NEWS,,19
Crashed it,,19
Sondre & Tanya,,19
washing dishes,,18
Will Streets,,18
Benjamin Ortega,,18
Naked Science,,18
V is for Vino Wine Show,,18
GymnasticsAddicted,,18
Jeff Pelletier,,18
Victor Poulin,,18
Arm Historian,,18
Nomadic Ambience,,18
IVM Sky Animals,,18
Forza,,18
Planet Fungi,,18
Knight Jiu-Jitsu,,18
Theme Park Shark,,18
Blake Ridder,,18
Desi Cooking Secrets UK,,18
Nathan Florence,,18
Girl With The Dogs,,18
J. Kenji López-Alt,,18
YCImaging,,18
YS 24 Handball Video,,18
Tanya Khanijow,,18
Traveller In The Whole World,,18
Лілія Цвіт,,18
Daniel Silva,,18
Fraser Yachts,,18
NSH Aviation,,18
Versace,,18
Thrash 'N' Trash Productions,,18
Tech Tesseract,,18
Vic Firth Marching,,18
Curb YourTube,,18
Journey to the Microcosmos,,17
Throw and Athletics,,17
Bike Teacher,,17
Hayls World,,17
Make Sushi 1,,17
The Barbecue Lab,,17
ROYALTY FREE 4K VIDEOS,,17
SweetPotatoSoul,,17
Piano Jazz Cafe,,17
Jay Siemens,,17
Salzburger Land,,17
Wiens Sauce,,17
A24,,17
Intents Festival,,17
Real Life India,,17
MusicalFare Theatre,,17
Being Wushu,,17
Guga,,17
MadMan Review,,17
DreamWorks Madagascar em Português,,17
Laini Ozark,,17
RoboVacParty,,17
Yachts For Sale,,17
Triyom Tamil,,17
TRIP XTREME,,17
Dane Jackson,,17
Our World,,17
Levi Allen,,17
TagMachine,,17
Outdoor Chef Life,,17
Animal Watch,,17
Alex,,17
National Trumpet Competition,,17
Filip Poon,,17
jakenbakeLIVE,,17
Bigstock - Professional Reels,,17
Throttle House,,17
Laurastar,,17
무니키친MoonyKitchen,,17
(Motor)Bike,,17
Miska Haakana,,17
jamie griffin,,16
Friends & Adventures Cartoons,,16
Output,,16
Zaviyar Creation Official,,16
4K HDR WALK,,16
Federico Malagutti HEMA,,16
MBARI (Monterey Bay Aquarium Research Institute),,16
Ed Sheeran,,16
Origami Princess,,16
Becca De La Plants,,16
Dezinefun With Michelle,,16
Jarno Cordia - Wingsuit Pilot in,,16
Manny Khoshbin,,16
Eisenbahn.tv,,16
Rescue Moving Services,,16
Jason Dornstar,,16
Levic Bricks,,16
Apex Clips,,16
that's a bad idea,,16
Harry Collins Photography,,16
Pixar,,16
Video For Need-Royalty Free Videos,,16
Fergus Crawley,,16
Halloweird,,16
GKIDS Films,,16
Vuhlandes,,16
Kevin Lee Jacobs,,16
Way2go தமிழ்,,16
Peachy Queen,,16
SkateLyfe TV,,16
RED Digital Cinema,,16
Mac84,,16
Mateo.zielonka,,16
Nick Symmonds,,16
Ethan Chlebowski,,16
Aidin Robbins,,16
Bass fishing Productions,,16
Vancouver Carpenter,,16
Negative4,,16
Mastering Tricking,,16
Pyrography & Wood Carving,,15
ASMR by Simone,,15
THE MAD WATCH COLLECTOR,,15
Zoonicorn Official,,15
The Bare Female,,15
Jim Dempsey - Fundraising,,15
WatchGecko,,15
melodysheep,,15
Rapier Duello 레이피어 듀엘로,,15
MY CLICK SUPPORT,,15
practical shooting,,15
Lovely Baby,,15
IBX Running,,15
marineinsight,,15
Brian Lagerstrom,,15
Nails By Key,,15
Jess Rona Grooming,,15
Roadtrip Indonesia,,15
cinetrove,,15
More Marshal No Commentary,,15
Pingu - Official Channel,,15
Global Martial Arts University,,15
12 STOREEZ,,15
SmallTownUSA,,15
Przepisy od Katarzyny,,15
M. REX Screen Time,,15
Hybrid Calisthenics,,15
DJ Carlo,,15
The Animation Workshop,,15
Senders,,15
Keep It Reet,,15
GoTraveler,,15
Chilli Jasmine,,15
lolo BSD,,15
VTR LIVE SPORT,,15
MadeByFate,,15
Hockey Training,,15
5NationsBRX,,15
Chinese Cooking Demystified,,15
Michael Houghton,,15
Oliur / UltraLinx,,15
4K JAPAN,,15
4K Animals Relaxation,,14
Space Matters,,14
L'Oréal USA For Women In Science,,14
Armies Power,,14
Cinematic Videos Library - 4K,,14
Taiwan Walker,,14
Clayton Schick Outdoors,,14
Oculus Films,,14
Coldplay,,14
DiscoverGreece.com,,14
Studio_groompets,,14
The Samurai Carpenter,,14
66Samus,,14
Nivel Delicia,,14
Tuttle Twins,,14
Breath Diving,,14
HardcoreRC,,14
RAZR,,14
How To Drink,,14
Primal Outdoors - Camping and Overlanding,,14
Rockstar Games,,14
ROLEX,,14
Niklaus prosper,,14
Molten Immersive Art,,14
Taylor Swift,,14
TaylorSwiftVEVO,,14
Dom.e Wingsuit,,14
The West Country Kitchen,,14
Proven Progression,,14
InstrumentManiac,,14
More Best Ever Food Review Show,,14
flugsnug,,14
This Gemini,,14
Video Gallery - No Copyright Footage,,14
쿠킹하루 Cooking Haru :),,14
Stock Video Footages,,14
Bang & Olufsen,,14
the Dronalist,,14
Cuboss,,14
Boston Ballet,,14
NDYakAngler,,14
Ben Pollack,,14
Ben Morris,,14
Sailing Zatara,,14
Snooker's Home,,14
Fallow,,14
theTurtleRoom,,14
FailArmy,,14
Mr. Frog,,14
Accordion and Saxophone music,,14
Jumping With Ivy,,14
Origami World,,14
12kgp-Tennis,,14
CantrellCaving,,13
AR on AR,,13
SpaceWave - Cosmic Relaxation,,13
Harmony Hounds - Relaxing Music for Dogs,,13
Movie Matinee - Short Films Every Thursday,,13
World Netball,,13
TAPP Channel,,13
Dog Playgroup Stories,,13
PrimeTime Pickleball,,13
Hannah Morris Bouldering,,13
Let's ask Shogo | Katana,,13
Budo,,13
& Kimono,,13
JackoUni,,13
Butcher Wizard,,13
GP Woodworking & Designs - Greg's Channel,,13
DOXRAW2,,13
The Beauty Of,,13
Gorakh Bista,,13
Chuds BBQ,,13
King Pictures,,13
Reno Air Racing Association,,13
ArnieTex,,13
CoverswithCassidy,,13
thep00lguy ML,,13
Tyngre,,13
Lionel Sanders,,13
Oliver Porter,,13
Hockey Trend,,13
Blowy,,13
Der Elefant,,13
vanzai,,13
視界MeetWorld,,13
Балет Игоря Моисеева,,13
Junrey Navarra,,13
Handyman Hal,,13
ANOC World Beach Games,,13
Tamil gameplay,,13
MR PORTER,,13
MAJ,,13
Flexyart Contortion,,13
The Lexi Bunch,,13
The Funny Carpenter,,13
StockVid - Royalty Free Footage,,13
Yurara Sarara,,13
Xevozy,,13
Wag Entertainment,,13
Byte Review,,13
Paola Carosella,,13
Back 2 Basics Adventures,,13
MorningLightMusic,,13
Go4x4,,12
Kids Fun Play,,12
Daniel Kurganov,,12
Violinist,,12
SevenFifty Daily,,12
Timothy Dyck,,12
beerlifehack,,12
GraffitiBloq,,12
Anime Philosopher,,12
GolgappaY Kites,,12
Maisy Leigh,,12
WildBeare,,12
The Cozy Hospital ASMR,,12
Indlondlo Zulu Dancers,,12
Citrine's Animations,,12
Saltfix Fishing,,12
Earth Uncut TV,,12
Buff Dudes Workouts,,12
Kochi,,12
Rallye TV,,12
Ryan Serhant,,12
SchwaaFilms,,12
Mackenzie Marie,,12
Smile Dental Turkey,,12
World Travel,,12
TRAVOH,,12
Neoxi,,12
Trout and Coffee,,12
Deep Asmr,,12
The Garden of Bob,,12
Animal Behavior Corner,,12
Patrick Watkins,,12
Max Family,,12
3DM Bunker_FPV,,12
The Midnight Screening,,12
Walking Alice,,12
Amelia Dimoldenberg,,12
Oana,,12
Seanthesheepman,,12
wildfern,,12
MegRem Softball,,12
Bratz,,12
Ernesto Sue Photography,,12
Zhirelle,,12
Marco y Sara Bachata,,12
Dev Moore,,12
Wands and Wings,,12
AnitaCooks,,12
MotoJitsu®,,12
1kb construction,,12
UltimateiDeviceVids,,12
Clock TV,,12
7810 Diaries,,12
Wild Weather,,12
Beastly,,12
The Ultimate Gymnasts,,12
Christopher Hiedeman,,12
Aurikatariina,,12
SHINOBU HASHIMOTO,,12
Race Of Champions,,12
Clawhammer Supply,,12
Textile Indie,,12
Airrosti Rehab Centers,,12
Beautiful World 4k,,12
Gee Milner,,12
Full Time Filmmaker,,12
FADED CULTURE,,12
Shorts by Cas,,12
Love Hockey,,12
American Jump Rope Federation,,12
4K Ocean Wonders,,11
Aardman,,11
SEA,,11
HAXMAN,,11
MW Restoration,,11
Fatty Soprano,,11
Marc Brunet,,11
Pavel Ivo Sedlacek,,11
Cooking with Coit,,11
Ally Safety,,11
Eric Floberg,,11
Foxtail Catering Service & Training Videos,,11
Sadie Miller,,11
52Kards,,11
Massage Sloth,,11
RJL Gardens,,11
Primitive Skate,,11
Madonna,,11
Quixel,,11
The Baseball Bat Bros,,11
Taeha Types,,11
골든캣츠,,11
Yohan Kim,,11
Kiteboarding St Petersburg,,11
Angelo Shoe Shine,,11
ILOVEGRAFFITI.DE,,11
Really Tall Tree Guy,,11
THE PROPOSAL,,11
Tirbert,,11
Madam Luy cooking,,11
VideoMap,,11
Ryan Cook Carvin,,11
Ancient Rome Live,,11
OnlineFabricStore,,11
1ROAD,,11
Aviation101,,11
The Schoeller Family,,11
Adventures On the Gorge,,11
ARTPIX,,11
DayDream Gaming,,11
PearFleur,,11
Cat Trumpet,,11
Einfache Rezepte,,11
Utoi Anime Talk TV,,11
HDShots,,11
Shoot From The Hip,,11
DiscoverTheHorse,,11
Gymnastics Forever,,11
Uszatkowe Rady,,11
Nick Wammes,,11
La Famille Ventura,,11
HD Film Tributes,,11
Eddie Bauer,,11
Yuu,,11
BNT,,11
EBS - Krump World Championship,,11
Walt (oneminmicro),,11
iFlight FPV,,11
Analog Resurgence,,11
Recipe Fairy,,11
By Bonnie Jewelry,,11
Jeremy T. Grant,,11
Bonsai Heirloom,,11
TexasHighDef,,11
Zoddronite,,11
Wheelchair Basketball Canada,,11
Kyle McDougall,,11
Deus Ex Machina,,11
Artfully Rogue,,11
Муслим Камбулатов,,11
I Like Woodworking,,11
WSJ. Style,,10
High Pressure Aviation Films,,10
Asturia Quartet,,10
GlobeAir • Private Jet,,10
Minibricks,,10
Scribal Work Shop,,10
Brady Bessette,,10
Maroon5VEVO,,10
Broncs and Donks,,10
MABO,,10
Cosmic Perspective,,10
soeslife,,10
Betco,,10
Bugs and Biology,,10
Todays Movie Recap,,10
Riva Yacht,,10
Red Sled Santa,,10
Nick Keomahavong,,10
Matthias Malmedie,,10
KiKiDo Campus France,,10
SamDoesArts,,10
Razgriz Flight & Spotting,,10
Building with Budd,,10
Christian Caniff,,10
How-to and Reviews,,10
Night Lights Films - Adrien Mauduit,,10
Dr Matches,,10
Think Make Push,,10
Kimi Elias,,10
Tech Vision,,10
FlywithKay,,10
BlackSheep Studios,,10
Cameron Das Racing,,10
Danny Mcgee,,10
BullyJuice,,10
BBC Earth Kids,,10
FIGHTER CHANNEL 3,,10
Corter Leather,,10
Leartes Studios,,10
Board Archive,,10
Dino DC,,10
The Armoury,,10
𝗠𝗥.𝗕𝗘𝗡𝗜𝗗𝗢𝗥𝗠,,10
Johnny Ro [4K],,10
PaddleTV,,10
Dottie's Toys,,10
The Weeknd,,10
Adrien Raza,,10
The Hamilton Collection,,10
iRacer3,,10
Ride With The Knights,,10
shawneydepp,,10
Agora Gallery,,10
Fish and Forage,,10
댄서스잡 DJ,,10
Wan Smolbag Theatre,,10
舌尖上的中國官方頻道 A Bite of China Official Channel,,10
The Asylum Movie Channel,,10
WILD LIFE,,10
James Andrews,,10
Kyle Nutt,,10
Free Documentary - Nature,,10
BENETEAU America,,10
Revere Overland,,10
TaeKeyboards,,10
FleurEstelleClasses,,10
AutoPack富揚晶機,,10
Mercedes-Benz Trucks,,10
Jeremy Ethier,,10
DekoideenReich,,10
CRAIG SCHULER,,9
macrofying,,9
Architectural Digest Germany,,9
The Metalist,,9
Trippers,,9
Maya,,9
Electric Love Festival,,9
Florida Ski Riders,,9
Sip and Feast,,9
omw,,9
Chanty Marie,,9
Richard Lindesay,,9
The Streetz Football,,9
Shuttle Strong,,9
Aksel Orstavik,,9
Swiss Running TV,,9
EVERYDAY BETTER. EVERYDAY STRONGER.,,9
Red Squirrel Studios,,9
Valspire Family,,9
Cosmosapiens,,9
The Rain Driver,,9
Harmen Hoek,,9
The Boring Channel,,9
underwatercam stock footage,,9
NZ Mountain Safety Council,,9
Filmbilder & Friends,,9
Alexandre Lino - Terramidia3D,,9
The Anazala Family,,9
GrowVeg,,9
CIAO ITALY,,9
Outside the Levees,,9
Simon Rohrich,,9
MyTraining App,,9
Bike the World,,9
Kenworth Truck Co.,,9
International Aerobatic Club,,9
Gaz Oakley,,9
Magnus Midtbø,,9
Buddhism,,9
Marble Movie Makers,,9
Jordan Teaches Jiujitsu,,9
YouAligned,,9
MIZI,,9
하미마미 Hamimommy,,9
Son of a Bear: Foraging,,9
Village Cooking Channel,,9
CobraEmergency | North America,,9
Christy Anne Jones,,9
River Line Productions,,9
Scott Young,,9
KWOOWK,,9
T.Milly TV,,9
Bass'N'Trout,,9
Pyrocrafters,,9
LLC.,,9
Deeper Than Hair TV,,9
Juice & Toya,,9
Saftige Küche,,9
Мир Кубиков,,9
Tractors Chemer,,9
ENDEVR,,9
Clean ASMR Try Better,,9
Daan Verhoeven,,9
Dadacafe다다카페,,9
Detroit Symphony Orchestra,,9
Jesse Drent,,9
BAT | Hamptons Luxury Real Estate,,9
LSD Tie Dye TV,,9
The Hobby Bird,,9
Anna Hazelnutt,,9
Rubbermaid Commercial Products,,9
Swim University,,9
Printer Insider,,9
Planetkind Rabbitat,,9
Benn TK,,9
Mathias Hove Johansen,,9
Amazing Contruction News,,9
Simi and Chapchap,,9
George Cuevas,,9
Sam and Victor,,9
Daniel Marsh,,9
The Christian Hardscaper,,9
Bebefinn - Nursery Rhymes & Kids Songs,,9
Jordan Yeoh Fitness,,9
BEEFS T.V.,,9
One Floor Up,,9
TG Planet,,9
Through My Lens,,9
SZAVEVO,,9
IWWF,,9
NEON,,9
Automate System Sales & Services,,8
Cole Combat Science,,8
Kung Fu Panda,,8
Black Flag Leather Goods,,8
CinemaSectors,,8
Carcode,,8
Tom Fidgen,,8
TheAMaazing,,8
AKONIWORLD,,8
Stef Hoffer,,8
Life in Yakutia,,8
HertzbergerTV,,8
Greg McCahon,,8
OMG Weddings,,8
Voice Body Connection with Elissa Weinzimmer,,8
Norrøna,,8
Tim Dessaint,,8
The Loam Ranger,,8
Sally McRae,,8
MAFFiO GLOBAL,,8
Avi Creates,,8
Pride Bodyboards TV,,8
Oscar Owen Magic,,8
Practically Home,,8
NBedits,,8
周杰倫 Jay Chou,,8
8K Xplore,,8
Rainy Bedroom,,8
Little ELF Products,,8
Inc.,,8
The Dog Transformation,,8
The Boat Race,,8
Blu-Ray Maniacs Info,,8
kickingmustang,,8
Gamebred Bareknuckle MMA,,8
Nicole Eddy,,8
Świat Futbolu,,8
Yuni Marimba 유니 마림바,,8
Amy Turk,,8
Koji Kobura,,8
Mr. DeMaio,,8
Relaxing Ambience ASMR,,8
Art by Louris,,8
Scenic Relaxation,,8
rdilley USCA Croquet,,8
KYLE HANAGAMI,,8
Free Footage,,8
小高姐的 Magic Ingredients,,8
BSD BMX,,8
스쿠버 아저씨,,8
The Flying Dutchman,,8
AMF_AMAZING_D1,,8
Phương - Free Bushcraft,,8
Ron's Trains N Things,,8
Everglades Holiday Park Airboat Tours and Rides,,8
XS Progression,,8
CHRIS HERIA,,8
Wingsuit,,8
Noah Kane,,8
flutesiva,,8
Michael Outside,,8
clips no copyright,,8
Peso Pluma,,8
viele Rezepte,,8
DudeLuck23,,8
No Rolls Barred,,8
식탁일기 table diary,,8
ONDO STUDIO,,8
Surf Kawela Hawaii,,8
Cambridge Tigers Korfball Club,,8
Bulldozer Channel,,8
International Footbag Players' Association,,8
Timothy Hines,,8
Pure Music,,8
Trippy Everything,,8
Piesologia,,8
RAMUNI - Viking Crafts and Reenactment,,8
Prada,,8
Superbon - ซุปเปอร์บอน,,7
Lewis Potts,,7
Khalid Al Ameri,,7
Farm World,,7
Andrew Millison,,7
Michael Shainblum,,7
So Chateaux (in English),,7
Interesting & Creative Designs,,7
vfx asto,,7
Andrea Ghidini,,7
Crafty Art,,7
Pamela Reif,,7
Anime Recap Time,,7
Bernardo Bacalhau,,7
WRAPSIR,,7
Chef Tyler,,7
Gulfstream Aerospace Corporation,,7
140journos,,7
David Zhang,,7
Clarke Boys Hunting,,7
Larry Warden,,7
COMET RESTORATION,,7
Diana Vingert,,7
Exploropia,,7
est living,,7
Food Impromptu,,7
Fog City ASMR,,7
Megan Tan,,7
Stanny,,7
Rodian Builds,,7
Saluki_Race,,7
Dr Debox,,7
Othervrbarry,,7
Svensk Golf,,7
Felts by Philippa,,7
Spoiler Lab,,7
Legendy Polskiej Muzyki,,7
Sky Zone Ultimate Dodgeball,,7
Egypturk,,7
SugarStar,,7
House & Garden,,7
Mr. Video,,7
Rainy Day,,7
Billy Yang,,7
Spotty Dotty Show,,7
Steven Richter,,7
mgk,,7
HG Virtual Tour,,7
PFC Pillow Fight Championship,,7
Airplane Academy,,7
Szkoła Tańca Wedding Dance Agnieszka Bodziony,,7
Sago Mini,,7
Woodturning Crazy,,7
Daryl Gilbert Outdoors,,7
Яна Осадчая,,7
DUBAI WALKERS,,7
NJ Paper Crafts,,7
Flag Nation,,7
Poisabloom ASMR,,7
Copa Truck,,7
꿀주부 Honeyjubu,,7
2DAY DANCE,,7
Emmy Kalia,,7
Kratts Series,,7
Vizoli Art,,7
Metro Transit Sandblasting (MTS),,7
Tina Mini Cooking,,7
Names Nicco,,7
Serious Runner,,7
Croquet Victoria,,7
Hideki Shiota / FILM EI,,7
AHW LLC,,7
Lotus Lens Asmr,,7
Guldies,,7
TheCottageFairy,,7
DAR Animal Rescue,,7
Ghost Theory,,7
TheWeekndVEVO,,7
李子柒 Liziqi,,7
Donavan Barrett,,7
HarmonyMartialArts,,7
Gymnastics Tips,,7
Dimes,,7
Miley Cyrus,,7
Deus Ex Machina - Temple of Enthusiasm,,7
Of Two Lands,,7
The Traveler,,7
Minsk Cycling Club,,7
Lofi Girl,,7
310 Pilot,,7
FilmRise Movies,,7
Equinologee,,7
Panos Ioannidis,,7
Melior Studios,,7
Ryan Morie,,7
John Manalo,,7
Lawn Care Juggernaut,,7
Kevin Bruns,,7
Livinleggings,,7
LukeCombsVEVO,,7
I AM BUILDER,,7
Buhurt Tech,,7
MOONSHINE ANIMATIONS,,7
Ho & Pringle Productions,,7
Taylor Bell,,6
Yaroslav Nedodaiev,,6
John Downer Productions,,6
Mor Movement,,6
Wondastic Tech,,6
Ayan Banerjee - Films,,6
Start Making (Woodworking),,6
Brandon William,,6
Only Stock,,6
A Modern Homestead,,6
Matty Conrad,,6
Pete R. - BucketListly Blog,,6
Life By The Bow,,6
Yadu Tv 8K,,6
Apple Singapore,,6
MrRescue,,6
Bruno Mars,,6
Magnet VFX,,6
Natural World Facts,,6
Alexander The Guest,,6
Mossy Earth,,6
Black Coral Wax,,6
Alone in Dubai,,6
Midwest Magic Cleaning,,6
LIGHTS ARE OFF,,6
That's Amazing,,6
재호 - Fitness,,6
Fill's Lawn Care,,6
Blacktail Studio,,6
Uilian Garcez,,6
MAKE FILMS,,6
Padel Drive,,6
Build Brick Robots,,6
Jay Palfrey,,6
RYUCAMP,,6
ProBeautykz,,6
Rémy Métailler RAW,,6
gokitinggr,,6
BravestWarriors,,6
Reel Coastal,,6
Martin Flindt,,6
ASMR U R STAR,,6
World Nate,,6
Reading With Asha,,6
FeidVEVO,,6
Craig Smith,,6
Briggsy Sport Fishing,,6
Faizal Westcott,,6
Ditz TV,,6
Jimmy Sax,,6
Kugaくが,,6
acdcVEVO,,6
Nature Harmony TV,,6
MTN BUILT,,6
NSmodeler24,,6
ABI Interiors,,6
Fruits Cutting,,6
Κρήτες Λαογραφικός Χορευτικός Όμιλος,,6
22X22,,6
Lucasfilm,,6
JABBAWOCKEEZ OFFICIAL,,6
Israel Pitchford,,6
Bertram - Craft and Wilderness,,6
Art Space,,6
Grant Horvat Golf,,6
플라이 원_FLY ONE,,6
Drax Dietz,,6
Cheer UP Athletics,,6
Stone's World,,6
Viktor Kee,,6
The Handyman Business,,6
Beam Queen,,6
Timelab Pro,,6
남화연 한국무용배우기 koreadance,,6
Southeast Trombone Symposium,,6
Mangli Official,,6
Torkel Stillefors,,6
Reading is,,6
The Magic Ball Man,,6
Dua Lipa,,6
Songbird Ocarina,,6
Restoration of Everything,,6
Speed On The Water,,6
Yehslacks,,6
Wild Oak Films,,6
Gymnasts Inspire,,6
Tish Wonders,,6
World Nomads,,6
vincjom,,6
Tree House Brewing Company,,6
Ryan Luth,,6
Photoguide,,6
Shortest Blockbusters,,6
Научно-популярные фильмы,,6
Northern Mudlarks,,6
Bachata Dance Academy,,6
Bodyboard Holidays,,6
Foundation Group,,6
Home,,6
Robert Makłowicz,,6
Ninja Walking,,5
Gold Smith Jack,,5
Bagpipe Master,,5
sixstringJIB,,5
JR Alli,,5
Tenjuro Kamado,,5
Sadiel Gomez,,5
Xander Budnick,,5
vewn,,5
Architectural Digest India,,5
Erik Van Conover,,5
Movie Car Chases HD,,5
Panda Story,,5
Mitchell Thayne,,5
Timestorm Films,,5
Fitness For Transformation,,5
Josh Neuman,,5
Heile Welt,,5
Nerd Clips HD,,5
Moon Prod,,5
Purpose Built Moto,,5
The British Short Film Awards,,5
Anif G,,5
Andy To,,5
honeysada,,5
NamibiaCam,,5
Rahul Thakuri,,5
Jacob + Katie Schwarz,,5
Move With Nicole,,5
Nick Coulter,,5
Marvelous Movie Clips 4K HDR,,5
The Dutch Farmer,,5
Divyansh Shrivastava flutist,,5
Adam Woodhams,,5
Live Cycling,,5
dulevoz,,5
쥬네일JOUNAIL,,5
El Yuyu,,5
StuntsAmazing,,5
LegoMe_TheOG,,5
Christian Fischer,,5
Everyday Ballet,,5
Henbu,,5
Nico Felich,,5
MyLifeOutdoors,,5
DACH PRO,,5
Poetry Of Slow Life,,5
IsaWelly,,5
Skydive Dubai,,5
SKYCHRIO,,5
Odd Animal Specimens,,5
Real Science,,5
Shoe Shine with Kat,,5
Brick Science,,5
Leduc Lethwei,,5
해윤 HAEYOON,,5
justin styvly,,5
Ben Willis The Fisherman'S Killer,,5
Nadav Art and Wood,,5
Feid,,5
League of Pigs,,5
1小点的 Sweet Taste Kitchen,,5
Essence and Science,,5
Around The World 4K,,5
Freddie The Whippet,,5
Diton King,,5
Lily Yo Fire,,5
Fox Loki,,5
Blissfully Asleep,,5
Suomi Lätkä,,5
Kinetochore1917,,5
Ryan Norberg,,5
Teen Titans Clips,,5
KrakeKids,,5
Lastborn Farm,,5
Антон Птушкін,,5
Jasirah Bellydance,,5
Manilla Athletics,,5
Dean Schneider,,5
Skydiving in Paradise,,5
The Stuttering Skater,,5
Cool Bike Projects,,5
All Video Free,,5
Dark Isle Bagpiper,,5
Brutal Bikes,,5
The Green Witch,,5
Hawaii HammaHs,,5
Chaddwick Fincher,,5
Brad Burns,,5
Chris Rogers,,5
Hinata,,5
Ice Cream Meltdown,,5
Enes Plus,,5
Copyright Free Videos,,5
Zoo Tours,,5
barparildar,,5
touropia,,5
Repair & Restoration,,5
Futurescapes - Sci Fi Ambience,,5
FuryTV,,5
Liz Knights,,5
5hysWorld,,5
BeachTennis Channel,,5
watermagic,,5
Rerolling Inline,,5
Pharaoh's Wildlife Kingdom,,5
Roach RC,,5
Willem Verbeeck,,5
냥숲nyangsoop,,5
Tibet Travel ( Tibet Vista ),,5
WouterKellerman,,5
Beautiful Bird Videos,,5
Metro Boomin,,5
Huck City,,5
Groom House,,5
Brandon Brule,,5
The Story Till Now,,5
Paul Carrillo,,4
Ocean’s globe trotter,,4
CultureClashCroatia,,4
SALEX,,4
Highland World,,4
Thomas Martinez,,4
In feel furniture,,4
Rollon Food,,4
Special Scene,,4
Quicksand Flooring,,4
REEL ROCK,,4
NCC Culinary,,4
Reptile Channel,,4
Artur Carvalho,,4
Pattern Scout,,4
Chrome and Car Restoration,,4
Coffee to Art,,4
nadawalk,,4
teemu.mp4,,4
8K VIDEOS HDR,,4
Lopside Animation,,4
Juzzie Smith,,4
Vy,,4
Industrial Light & Magic,,4
Master Song Kung Fu,,4
Bose,,4
Athar Jaber,,4
Tom Strojnik,,4
adidas TERREX,,4
NEA ZIXNH,,4
RAAW Mountain Bikes,,4
4K DRIVE,,4
Paulie B,,4
Bryan Boyle,,4
Malcolm Moore,,4
Cercle,,4
The Wired Gourmet,,4
Rose,,4
Seaboard Central,,4
Yle Pikku Kakkonen,,4
NB Productions,,4
Vojta Stolbenko,,4
Roberto Channel,,4
Keepitcity,,4
TKD-NEWS,,4
Sand Castle University,,4
Bruno Pisani,,4
Parker Sheppard,,4
Explore Somalia with Said Fadhaye,,4
RainbowStar _gift wrapping,,4
MONOSKIS SNOWGUNZ,,4
PROJECT FEAR,,4
Progress - Science Documentaries,,4
Allison Anderson,,4
1000+ Free Stock Video Footage,,4
Malmesbury Education,,4
The Elegant Oxford,,4
Jonas Puidokas,,4
PlantingTree,,4
Hungry for Goodies,,4
The Люди,,4
redfox creatives,,4
Daniel Mann,,4
MANIAC Team!,,4
Media Hub Trailer,,4
Holly Obee,,4
Mumbo,,4
MileyCyrusVEVO,,4
TV Walsum Aldenrade 07,,4
Dirt Road Dancing,,4
Elaine Cuzner,,4
Free HD videos - no copyright,,4
Sugoii Japan,,4
BestClips,,4
Baxter of California,,4
SB Mowing,,4
Park Junkie,,4
Apple Pea Fern Sea,,4
Fantastic,,4
Xylophone Girl 101,,4
Harry Potter Clips,,4
小P看熊猫团子,,4
Cameron Marti,,4
Ballet Beautiful,,4
Finding treasures,,4
OPEN SPACE,,4
Flatbush Cats,,4
superdog,,4
The Card Tricks,,4
SPIRIT OF THE RIVER,,4
Friendshipismagic,,4
Discover Kyoto,,4
YoYoMaVEVO,,4
XINSURANCE Sports,,4
Andrea Love,,4
Nike Football,,4
marimekko,,4
Yoflaminga - Yoga with Jenny Hirtz,,4
SCARPA North America,,4
Mavericks Awards,,4
footbag jaworzno,,4
The Letter Loft,,4
ArchiPro,,4
Aquatic Apes,,4
Awesome Machi,,4
Erick Jacquin,,4
ArmWrestleNation,,4
Breuninger,,4
ITFBeachTennis,,4
Oreo's little black editor,,4
Samurai Matcha,,4
benjiplant,,4
Abe Kislevitz,,4
ShoreBoarders,,4
Total Dramarama Official,,4
House Dad Life,,4
officialpsy,,4
Cine para la noche,,4
Footage Kontor,,4
SuperBike Racer,,4
Tour Tamu Africa,,4
Aerial Photography Ireland,,4
Folding And Art Tutorial,,4
Maarten Nauta,,4
Anders Botnmark (Aphotography),,4
Modern Juggling,,4
Brett Vercoe,,4
Ich mische lecker,,4
Judo live,,4
VISUALDON,,4
Foxtrot Alpha,,4
Benjamin Hardman,,3
Ermia Ramez,,3
Jacob Toniolo,,3
Audible Hands,,3
Movie Man,,3
Denis Barbas,,3
Team Running Husky,,3
Fables & Fells,,3
Vindi's Kitchen,,3
SNO-GO Ski Bikes,,3
Jay Alvarrez,,3
Run & Jump,,3
Apollo Mission Documentaries,,3
Scenic Scenes,,3
Leaf of Life,,3
TravelPixified,,3
ISHITANI FURNITURE,,3
Go Explore Greece,,3
Sunset Drive California,,3
NZ Trucks And Trailers,,3
ROLL Recovery,,3
NightmarePB,,3
HuuHa Woodart,,3
Paper Dolls✏️🎨,,3
Kiun B,,3
Hugo Moussy,,3
Maria og skogen,,3
Katy James,,3
Lucy Cao,,3
Anime Luna,,3
full-swing,,3
Bart Blom,,3
Simply Three,,3
Clairmont,,3
Sax Spy,,3
The Carpentry Life,,3
Jiya Kapur Films,,3
Avatar Legends,,3
ANDBERY | Andrei Beresnev,,3
Give Cheese a Chance,,3
Sheepdog Trials,,3
A Working Catalogue,,3
Christian F. Puglisi,,3
JUST MICHELLE,,3
Ignited Flames,,3
Red Panda - Morty,,3
Domenic Biagini,,3
Parte Graff,,3
YZR,,3
Shah Bappu London cycling,,3
Extreme Tricks,,3
Crafty Girl Shirin,,3
2CELLOS,,3
KAFRI,,3
Colorful World,,3
lemoncholy,,3
The Dragon Prince,,3
Imperial Potato,,3
Coach Micah B.,,3
Momo Journal ASMR,,3
EMEDE MEOS,,3
HP Walking Tours,,3
inkpacked Stock Footage,,3
Soma Fotography™ official,,3
MOJO hookah lounge,,3
CartoonBrew.com Official,,3
Abitibi Sled Dogs,,3
Invasion Of The Stickers,,3
Max the Greyhound,,3
Valrtin,,3
Gravity Official,,3
Karl Shakur,,3
Meaning,,3
프롬더춤 • From the 춤,,3
Sanna Vaara,,3
thevirts,,3
Airbender Dogs,,3
NV STUDIOZ,,3
SERA MEDIA,,3
Joe Wilson,,3
Relaxing Sounds Of Nature,,3
Slow Waves,,3
We Bare Bears Hindi,,3
Sounds Like Greece,,3
Lewis Wilby,,3
BIT - BASE inspired travels,,3
Extra Throttle House,,3
Yo-Yo Ma,,3
Mike Gray,,3
Fishing & Adventure TV,,3
Main Track Trains,,3
Murlykin Yaroslav,,3
Flow Mayhem,,3
Kierran Allen,,3
Kyle Erickson,,3
Listening to Earth LLC,,3
AJ Hackett Bungy NZ,,3
Cleaning Concept,,3
Caveman Hikes,,3
시골할매 Sigol Halmae,,3
RelaxCorner ASMR,,3
Cinewatch,,3
Brice Savina,,3
DDAKS 딱스 - Shoe shine ASMR 구두닦기,,3
Incredible Mission,,3
AC/DC,,3
hirokazu yokohara,,3
Future Proof,,3
Primitive Technology Idea,,3
"jung de gung ""Housekeeping Pemula""",,3
adventuremore,,3
Geoff Sobering,,3
Shot By Enis,,3
Medalcore - Paintball,,3
Szalagavató Videózás,,3
Leo Torres,,3
Starry Sky,,3
MajorTom,,3
Steve Booker,,3
TACTYC Studio,,3
TraceLynn Films,,3
Alejandro Torres,,3
ヒゲとわたし,,3
Dashcam Stockholm - Random Adventures,,3
CP Media,,3
EJ’s Training Camp,,3
Tim Spisar,,3
iconicfilms,,3
Terrace Garden,,3
Sky High Flying Canines,,3
Goat Daddy's,,3
CHASSE EMBARQUEE,,3
SirM Productions,,3
Beach Walk,,3
Curious Archive,,3
ShortClips,,3
MetroBoominVEVO,,3
lotusinhand,,3
The Modern House,,3
Tim Kellner,,3
824am,,3
Fujimaru Sharpener,,3
LanaDelReyVEVO,,3
Mediawan Kids & Family,,3
Vicitori arts,,3
Matt Horne Pottery,,3
ComicaL TV,,3
Nayan Bashar,,3
Pharrell Williams,,3
Malabar Gold and Diamonds,,3
dronujemy_com,,3
ROUND III,,3
Naomi SV,,3
All Things Foxes,,3
Ellis van Jason,,3
Mack Trucks,,3
Fruity Tech,,3
MAWI United,,3
"Państwowy Zespół Ludowy Pieśni i Tańca ""Mazowsze""",,3
AnnaLapwoodVEVO,,3
ACMofficial,,3
Vintage Wine Estates,,3
BalloonArtOnline,,3
Kai Mother,,3
Team Dogracing,,3
Reynard Lowell,,3
Badminutiae,,3
Andy B,,3
Beauty Herbs & Tea,,3
15-Minute Learning with Baby Shark & Pinkfong,,3
Sofles,,3
The Solomon Society,,3
Whispering Willow Wild Care,,3
Liene Andreta Kalnciema,,3
Jack Evans,,3
Giga Ovgod,,3
Trickline Collective,,3
Relaxation Film,,3
INFINITY MAXX,,3
free stock video hf,,3
Owen Farmer - Unicyclist,,3
Anna Lapwood,,3
Blackened Shadow,,3
Rebel Massage,,3
Joe Greer,,3
lavapix,,3
Mountain Unicycling Network International MUNI,,3
Rashid Freestyler,,3
Ahmad Anwar,,3
Northey Films,,3
Jet Tech,,3
Tadas Travel,,2
Unicycle School,,2
Eric Packer,,2
8K Earth,,2
Aris Papaspyros,,2
Matthew Encina,,2
Team Liquid CSGO,,2
Moskoni,,2
Boyan Georgiev,,2
Liam Vickers Animation,,2
Tight Loops,,2
Alyne Media,,2
SandCastle Building - Andy Hancock,,2
Nathan McBride,,2
Manuel Bravo,,2
antoine janssens,,2
FarmBox Foods,,2
Life On Top,,2
GameNews,,2
Canoe The North,,2
graincheck,,2
Warner Bros.,,2
OneStopChop,,2
Four Keys Book Arts,,2
Lostranquility,,2
Dan Noakes,,2
Lahari Music | T-Series,,2
AwesomeTech,,2
Miranda Productions,,2
PUREFILMS,,2
DownUnderDutchie,,2
Now or Never Travel,,2
OWL Rehab,,2
Vitaly Tesh,,2
African Penguin & Seabird Sanctuary,,2
Laser Pictures,,2
Brushstroke Painting Guides,,2
J Yom,,2
Tom Park,,2
Sheepdog Trials Live,,2
UniquelyNYC,,2
Best Cat Games & Videos,,2
Alex Rogers,,2
Adolfo Folk,,2
Kristian Pletten,,2
ttzach123,,2
Amethyst Vazquez,,2
Cooper's Ferry Site,,2
SUNDS Media,,2
serr,,2
MorganWallenVEVO,,2
Sea N Surf Bali,,2
Ollie Media,,2
IURETA e,,2
Craig of the Creek,,2
Riona Moon,,2
Advanced Sheep Shearing,,2
Sam Newton,,2
Jared Henderson,,2
Great Escapes,,2
Max's Massage,,2
THE SPOTTING CHANNEL,,2
Croquet Innovations,,2
Joshua Turner,,2
XDubai,,2
4K Clips HDR,,2
Dudes With Attitude,,2
ArborJason,,2
Sea kayaking Cornwall,,2
InkwellMedia,,2
Life Of Riza,,2
Duga Brow studio,,2
Adrian Preda,,2
Secrets of Solo,,2
Morgan Wallen,,2
thelifeofnello,,2
HR BOX,,2
WELT Space,,2
Gaming Let Loose,,2
Taylor Morgan,,2
Tom Mulligan,,2
Caden Novikoff,,2
Weyland,,2
SchoolArtisanFood,,2
Joshua Wann,,2
BRO COOLING,,2
Desmond Yuen,,2
Simon Kim,,2
Иван Усанов,,2
Gatewood Brown,,2
Ouzz FPV,,2
Recap-kun,,2
Workshop Insider,,2
JoHannes | Wingsuit,,2
Elliot Grafton,,2
RJ Knits,,2
Full 15 Sumo,,2
Virtual Running Adventures,,2
Ghost Protocol,,2
Boxing Legacy,,2
Vikram Neeham,,2
Taiflow,,2
Bentz Productions,,2
MGKVEVO,,2
THE WAKE CHANNEL,,2
Dylan Ayala,,2
Simon YAOJIA Folder Gluer,,2
All Clean Power Wash,,2
Robbie Maynard,,2
Virtual Running Videos,,2
BogdanovStas,,2
kurage0814,,2
Osamu Hasegawa Films,,2
ChelseaKauai,,2
BROOKI,,2
Will Darbyshire,,2
Exotic Rubber,,2
Alexandra Ilieva,,2
aconofficial,,2
tbs.johansson,,2
Stray Paws Clips,,2
Danny Strasser,,2
Cristian Ramírez,,2
Dive Hard,,2
PROJECT1,,2
Sumit At Sea,,2
Foxstar Media,,2
Eighty20 Barber Academy,,2
KNtheRabbit,,2
Andrew Bernard | The Nard Dog Cooks,,2
Zeddyzi,,2
Mind Society,,2
Ardagh Sheepdogs,,2
Gabriel Andre,,2
Joe Garth,,2
Dan Foley,,2
AmbaViation,,2
Mystique Movement,,2
viewfindings,,2
Dominique Domingo,,2
Wafrika Disc Dog,,2
Portage : BlottiContreMoi,,2
Vincent MITSINDO,,2
Over & Out,,2
RS. art crafts design,,2
Nainoa Langer,,2
Leon Faraday,,2
Scientific Animations,,2
Karol Plucinski,,2
juniorpetjua,,2
Blacksmith Nung An - Vietnam,,2
Harukawa Film Works,,2
AstroTV,,2
Lana Del Rey,,2
England Korfball,,2
DRY STONE TV,,2
GoCleanCo,,2
Abhishek Sachidanandan,,2
Survival Food,,2
Nestor,,2
Oxymap,,2
James Graves,,2
StripHair Gentle Groomer,,2
Benedikt Meyer,,2
Tyler Karow,,2
Mr. Oh,,2
CrazyAccordion Trio,,2
CozyClouds ASMR,,2
Bryan Birks,,2
Santosh Zung Rana,,2
Dr Jessica Gomez,,2
Bukketball,,2
Dutch The Hooligan,,2
Motorcycle World,,2
chislon,,2
Samuel Elkins,,2
Sea Turtles Documentary HD,,2
Morten Rustad,,2
Ty Cottle,,2
Sondre Taubøll,,2
Ben Little,,2
Adorea Olomouc,,2
VaRaces Chase Database,,2
Callie Waldschmidt,,2
Glasgow Korfball,,2
Pool elementary,,2
Ecole MoPA,,2
Yogalily | Yoga Taichi Qigong Wellness,,2
S3,,2
Food Gasm,,2
Gazillion Bubble Show,,2
Sergei Ivanis,,1
Maor Benezri,,1
Morgsm.,,1
Stock Footages World,,1
David de Rijcke,,1
Luke Penner Aerobatics,,1
Roastedstix,,1
Insider Business,,1
Movie Matinee - Short Films Every Week,,1
Comic Pundit,,1
MrBrynnorth,,1
Dima tarakanof,,1
PINK DOLL,,1
Jurrien Wiss,,1
kold,,1
Solo 360,,1
Max Planck Institute of Quantum Optics,,1
Anton Domin,,1
Matt Byrn,,1
Nicholas Yee,,1
Wall Street Journal,,1
Pinkfong Baby Shark - Kids' Songs & Stories,,1
Maria Solko,,1
Top Branch,,1
StreetlugePDX,,1
TheParryGod,,1
vuhfilms,,1
Flip Cooks,,1
Miyoko Schinner,,1
Pacific Pictures,,1
Click Clack,,1
Schneider Lighting,,1
Beneath The Boughs,,1
MortenSvane,,1
INDUSTRY INSIDER,,1
Free Stock Videos,,1
Eugene Belsky,,1
Hartnett Media,,1
Kutty Story,,1
Justin Cosplay,,1
The Art of Documentary,,1
Jacek Drofiak,,1
Little King Goods,,1
Kyle Kotajarvi,,1
Captain Vanover,,1
Woodpeckers Recorder Quartet,,1
mri215,,1
KCMGN,,1
Peder Kongshaug,,1
LuxDalet,,1
Arina Kim - Cinematic Vlog,,1
Columbus Kryptonite,,1
Kevin Reyes,,1
Anton Nordstrand,,1
Peaceful Relaxation,,1
Shaun Tan Films,,1
Charlie Gee,,1
PeliManía,,1
Ariel Black,,1
Moody Ambience,,1
Luke Up High,,1
Bad Lip Reading,,1
LaserArena Cybertag,,1
David Hood,,1
OranjeMovies,,1
a field of blue - underwater video,,1
EstudioMovie,,1
daryadarcy,,1
Jacques Crafford,,1
Violin Archive,,1
TA-nit,,1
Drone Profs,,1
KEISUKE HARADA,,1
Damian Horan,,1
MaffioVEVO,,1
JazzyFeet,,1
Duncan Bonnifay,,1
Hays Porter,,1
The PWHL,,1
Matthew Edgeworth,,1
The Pedestrian,,1
HEALING THEATER,,1
WestWood Cheer,,1
Journey with Chong,,1
FREEDOMCONSERVATION,,1
SweetM&M,,1
Clips Arena,,1
The Traditional Life,,1
Studious GR86,,1
095 - Paka Pictures,,1
vAustinL,,1
Simran Sivakumar,,1
Balboa Dragon Boat,,1
Benham Films - Wedding and Elopement Videography,,1
Jordan A Dudek,,1
Bad Axe Throwing,,1
SZA,,1
Gavin,,1
Wind Boulevard,,1
Hollywood English Collection,,1
WildThing,,1
Macro Room,,1
Pavel Matveev,,1
Cincinnati Underwater Hockey,,1
Raf Ratay,,1
solly baby,,1
OtherWorld_VFX,,1
十号shihao,,1
Juan Carlos Ribas,,1
Great Canadian Bungee,,1
Andrey Teterlev,,1
The Glass Toe - Shoe Shine,,1
MB Nails,,1
WorkHub Channel,,1
NLS MODELS,,1
Greek TV,,1
Every Frame a Painting,,1
Strider Trees,,1
Christopher Lehmann | Cinematic Video,,1
Blockbuster English Movies,,1
NITVShorts,,1
Ricardo Brancal,,1
bitter melon bindery,,1
space station,,1
Barry J. Briggs,,1
Lost Signal TV,,1
Blue Sky Channel,,1
Erik Hedenfalk,,1
MADONNAVEVO,,1
Fish Huntress Club,,1
Boar's Head,,1
Albert Lindberg,,1
watchluke,,1
Alaska Cabin Adventures,,1
AkhiL_AshoK_WilD,,1
Working With Wildlife,,1
The Bearded Mechanic,,1
We Love Bears,,1
Berry's Art,,1
Univers Kite,,1
LOVE DEATH ROBOTS,,1
Broncs and Donks Extended: Ch 2,,1
星球研究所Institute for Planets,,1
Justin Clough,,1
Armadas,,1
Bad Wolf Horizon,,1
Norman Baggio,,1
Fuchsia Dance,,1
Hydro Thunder NZ Series,,1
Ryan Navazio,,1
shigeki nishikawa,,1
Artur Homan,,1
Ninho,,1
John Luke Calderon,,1
Philip Au,,1
timtimfed,,1
Cyberstein Robotics,,1
ACE,,1
Johann.,,1
Will Gadd,,1
oliSUNvia,,1
Life Reels,,1
Dylan Rimpault,,1
ZoiTube,,1
filmsbytaylr,,1
Frank H. - New Entertainment Pictures,,1
Kabalik,,1
Pneumatic Arts,,1
Turn & Burn,,1
SwissCham Singapore,,1
Susan Bird (Way of the Whale),,1
MagicalPowers,,1
John Freele,,1
KD Production,,1
Chris Burkard Studio,,1
ghazal music,,1
Cleaning How To,,1
Kitchen Alpha,,1
iDecimate,,1
Sébastien Varlet,,1
Michał Palikot,,1
Vili Pertti,,1
Sydney Hunter,,1
MAGMA,,1
